-- MariaDB dump 10.19  Distrib 10.4.25-MariaDB, for debian-linux-gnu (x86_64)
--
-- Host: localhost    Database: crop
-- ------------------------------------------------------
-- Server version	10.4.25-MariaDB-1:10.4.25+maria~focal

/*!40101 SET @OLD_CHARACTER_SET_CLIENT=@@CHARACTER_SET_CLIENT */;
/*!40101 SET @OLD_CHARACTER_SET_RESULTS=@@CHARACTER_SET_RESULTS */;
/*!40101 SET @OLD_COLLATION_CONNECTION=@@COLLATION_CONNECTION */;
/*!40101 SET NAMES utf8mb4 */;
/*!40103 SET @OLD_TIME_ZONE=@@TIME_ZONE */;
/*!40103 SET TIME_ZONE='+00:00' */;
/*!40014 SET @OLD_UNIQUE_CHECKS=@@UNIQUE_CHECKS, UNIQUE_CHECKS=0 */;
/*!40014 SET @OLD_FOREIGN_KEY_CHECKS=@@FOREIGN_KEY_CHECKS, FOREIGN_KEY_CHECKS=0 */;
/*!40101 SET @OLD_SQL_MODE=@@SQL_MODE, SQL_MODE='NO_AUTO_VALUE_ON_ZERO' */;
/*!40111 SET @OLD_SQL_NOTES=@@SQL_NOTES, SQL_NOTES=0 */;

--
-- Table structure for table `crop`
--

DROP TABLE IF EXISTS `crop`;
/*!40101 SET @saved_cs_client     = @@character_set_client */;
/*!40101 SET character_set_client = utf8 */;
CREATE TABLE `crop` (
  `uid` bigint(20) NOT NULL,
  `cname` varchar(20) COLLATE utf8mb4_unicode_ci NOT NULL,
  `plv1` int(11) DEFAULT NULL,
  PRIMARY KEY (`uid`),
  KEY `crop_crop_category_plv1_fk` (`plv1`),
  CONSTRAINT `crop_crop_category_plv1_fk` FOREIGN KEY (`plv1`) REFERENCES `crop_category` (`plv1`)
) ENGINE=InnoDB DEFAULT CHARSET=utf8mb4 COLLATE=utf8mb4_unicode_ci;
/*!40101 SET character_set_client = @saved_cs_client */;

--
-- Dumping data for table `crop`
--

LOCK TABLES `crop` WRITE;
/*!40000 ALTER TABLE `crop` DISABLE KEYS */;
INSERT INTO `crop` VALUES (100000000000000,'稻米類',1),(100000000000050,'稻米(進口)',1),(100000000100050,'稻米(進口)-白米',1),(100000000100150,'稻米(進口)-糙米',1),(100000000100250,'稻米(進口)-糯米',1),(101030000000000,'水稻',1),(101030000000010,'發芽米',1),(101030001000000,'稉稻',1),(101030001100010,'稉稻-稻穀',1),(101030001100110,'稉稻-白米',1),(101030001100210,'稉稻-糙米',1),(101030001100310,'稉稻-胚芽米',1),(101030002000000,'硬秈',1),(101030002100010,'硬秈-稻穀',1),(101030002100110,'硬秈-白米',1),(101030002100210,'硬秈-糙米',1),(101030002100310,'硬秈-胚芽米',1),(101030003000000,'軟秈',1),(101030003100010,'軟秈-稻穀',1),(101030003100110,'軟秈-白米',1),(101030003100210,'軟秈-糙米',1),(101030003100310,'軟秈-胚芽米',1),(101030004000000,'稉糯',1),(101030004100010,'稉糯-稻穀',1),(101030004100110,'稉糯-白米',1),(101030004100210,'稉糯-糙米',1),(101030005000000,'秈糯',1),(101030005100010,'秈糯-稻穀',1),(101030005100110,'秈糯-白米',1),(101030005100210,'秈糯-糙米',1),(102030000000000,'陸稻',1),(199030000000000,'其他稻米類',1),(199030999000000,'其他稻米',1),(200000000000000,'蔬菜類',2),(201000000000000,'葉菜類',2),(201000999000000,'其他葉菜',2),(201000999000001,'其他葉菜苗',2),(201002001000000,'甘藍',2),(201002001000100,'甘藍-初秋',2),(201002001000200,'甘藍-改良種甘藍',2),(201002001000300,'甘藍-紫色甘藍',2),(201002001000400,'甘藍-甘藍心(芽)',2),(201002001999900,'甘藍-其它品種',2),(201002002000000,'芥藍',2),(201002002000100,'芥藍-芥藍菜',2),(201002002000200,'芥藍-芥藍苔',2),(201002002000300,'芥藍-蒲公芥藍',2),(201002002999900,'芥藍-其它品種',2),(201002003000000,'羽衣甘藍',2),(201002004000000,'結球白菜',2),(201002004000100,'結球白菜-包白',2),(201002004000200,'結球白菜-成功白',2),(201002004000300,'結球白菜-包頭蓮',2),(201002004000400,'結球白菜-天津白',2),(201002004000500,'結球白菜-冬白芽',2),(201002004000600,'結球白菜-大土',2),(201002004000700,'結球白菜-山東白',2),(201002004999900,'結球白菜-其它品種',2),(201002005000000,'芥菜',2),(201002005000100,'芥菜-芥菜心',2),(201002005000200,'芥菜-大葉芥菜',2),(201002005000300,'芥菜-小葉芥菜',2),(201002005000400,'芥菜-皺葉芥菜',2),(201002005000500,'芥菜-翡翠娃娃菜',2),(201002005000600,'芥菜-大心芥菜',2),(201002005999900,'芥菜-其它品種',2),(201002006000000,'不結球白菜',2),(201002006000100,'不結球白菜-小白菜',2),(201002006000200,'不結球白菜-蚵仔白',2),(201002006000300,'不結球白菜-土白菜',2),(201002006000400,'不結球白菜-青梗白菜',2),(201002006000500,'不結球白菜-荷葉白菜',2),(201002006000600,'不結球白菜-鳳京白菜',2),(201002006000700,'不結球白菜-黑葉白菜',2),(201002006999900,'不結球白菜-其它品種',2),(201002007000000,'油菜',2),(201002008000000,'塌棵菜',2),(201002009000000,'水菜',2),(201002010000000,'菜心',2),(201002011000000,'小松菜',2),(201002012000000,'青菘菜',2),(201002013000000,'廣島菜',2),(201002014000000,'油江菜',2),(201002015000000,'千寶菜',2),(201002016000000,'薺菜',2),(201002017000000,'芝麻菜',2),(201002018000000,'西洋菜',2),(201002019000000,'葉用蘿蔔',2),(201026059000000,'麻意',2),(201029039000000,'韭菜',2),(201029039000100,'韭菜-白頭韭菜',2),(201029039000200,'韭菜-青頭韭菜',2),(201029039000300,'韭菜-韭菜花',2),(201029039000400,'韭菜-韭黃',2),(201029039000500,'韭菜-大葉韭菜',2),(201029039999900,'韭菜-其它品種',2),(201044054000000,'水合歡',2),(201053056000000,'食茱萸',2),(201059055000000,'學菜',2),(201075057000000,'龍葵',2),(201077044000000,'山菠菜',2),(201077045000000,'羅勒',2),(201087048000000,'馬齒莧',2),(201087049000000,'人蔘菜',2),(201092042000000,'蕹菜',2),(201092042000100,'蕹菜-大葉蕹菜',2),(201092042000200,'蕹菜-小葉蕹菜',2),(201092042000300,'蕹菜-竹葉蕹菜',2),(201092042000400,'蕹菜-水蕹菜',2),(201092042999900,'蕹菜-其它品種',2),(201092043000000,'葉用甘藷',2),(201098036000000,'莧菜',2),(201098036000100,'莧菜-紅莧菜',2),(201098036000200,'莧菜-白莧菜',2),(201098036999900,'莧菜-其它品種',2),(201098037000000,'菠菜',2),(201098037000100,'菠菜-圓葉菠菜',2),(201098037000200,'菠菜-角葉菠菜',2),(201098037999900,'菠菜-其它品種',2),(201098038000000,'菾菜',2),(201111046000000,'冰花',2),(201111047000000,'番杏',2),(201118020000000,'萵苣',2),(201118020000100,'萵苣-結球萵苣',2),(201118020000200,'萵苣-半結球萵苣',2),(201118020000300,'萵苣-蘿美',2),(201118020000400,'萵苣-不結球萵苣',2),(201118020000500,'萵苣-廣東菜',2),(201118020000600,'萵苣-本島圓葉萵苣',2),(201118020000700,'萵苣-本島尖葉萵苣',2),(201118020000800,'萵苣-油麥菜',2),(201118020999900,'萵苣-其它品種',2),(201118021000000,'珍珠菜',2),(201118022000000,'苦苣',2),(201118023000000,'吉康菜',2),(201118024000000,'山茼蒿',2),(201118025000000,'食用薊',2),(201118026000000,'茼蒿',2),(201118027000000,'紅鳳菜',2),(201118028000000,'白鳳菜',2),(201118029000000,'闊苞菊',2),(201129040000000,'落葵',2),(201129040000100,'落葵-小葉落葵',2),(201129040000200,'落葵-大葉落葵',2),(201129040999900,'落葵-其它品種',2),(201129041000000,'藤三七',2),(201132051000000,'龍鬚菜',2),(201153058000000,'糯米糰',2),(201154053000000,'過溝菜蕨',2),(201161050000000,'龍鳳草',2),(201170030000000,'芹菜',2),(201170030000100,'芹菜-青梗芹菜',2),(201170030000200,'芹菜-白梗芹菜',2),(201170030000300,'芹菜-山芹菜',2),(201170030000400,'芹菜-西洋芹菜',2),(201170030999900,'芹菜-其它品種',2),(201170031000000,'芫荽',2),(201170032000000,'刺芹',2),(201170033000000,'茴香',2),(201170034000000,'水芹',2),(201170035000000,'香芹菜',2),(201181052000000,'山蘇',2),(202000000000000,'鱗莖類',2),(202000999000000,'其他鱗莖',2),(202029001000000,'大蒜',2),(202029001000100,'大蒜-硬骨大蒜',2),(202029001000200,'大蒜-軟骨大蒜',2),(202029001000300,'大蒜-蒜苔',2),(202029001000400,'大蒜-白蒜',2),(202029001999900,'大蒜-其它品種',2),(202029002000000,'蒜頭',2),(202029002000100,'蒜頭-蒜仁',2),(202029002000200,'蒜頭-蒜瓣',2),(202029002999900,'蒜頭-其它品種',2),(202029003000000,'蔥',2),(202029003000100,'蔥-日蔥',2),(202029003000200,'蔥-北蔥',2),(202029003000300,'蔥-大蔥',2),(202029003000400,'蔥-粉蔥',2),(202029003999900,'蔥-其它品種',2),(202029004000000,'分蔥',2),(202029005000000,'韭蔥',2),(202029006000000,'洋蔥',2),(202029006000050,'洋蔥-進口',2),(202029006000100,'洋蔥-加州洋蔥',2),(202029006000200,'洋蔥-紫洋蔥',2),(202029006999900,'洋蔥-其它品種',2),(202029007000000,'蕎頭',2),(202029008000000,'蝦夷蔥',2),(202035009000000,'食用百合',2),(203000000000000,'莖菜類',2),(203000999000000,'其他莖菜',2),(203002011000000,'球莖甘藍',2),(203002012000000,'山葵',2),(203013010000000,'蘆筍',2),(203013010000100,'蘆筍-白蘆筍',2),(203013010000200,'蘆筍-綠蘆筍',2),(203013010000300,'蘆筍-台南4號',2),(203013010000400,'蘆筍-蘆筍花',2),(203013010999900,'蘆筍-其它品種',2),(203014007000000,'芋',2),(203014007000100,'芋-麵芋',2),(203014007000200,'芋-檳榔心芋',2),(203014007000300,'芋-里芋',2),(203014007000400,'芋-芋葉柄',2),(203014007999900,'芋-其它品種',2),(203022026000000,'仙人掌肉質莖',2),(203029024000000,'晚香玉筍',2),(203030001000000,'竹筍',2),(203030001000100,'竹筍-烏殼綠',2),(203030001000200,'竹筍-綠竹筍',2),(203030001000300,'竹筍-麻竹筍',2),(203030001000400,'竹筍-孟宗筍',2),(203030001000500,'竹筍-轎篙筍',2),(203030001000600,'竹筍-桂竹筍',2),(203030001000700,'竹筍-箭竹筍',2),(203030001999900,'竹筍-其它品種',2),(203030002000000,'牧草筍',2),(203030003000000,'甘蔗筍',2),(203030004000000,'玉米筍',2),(203030005000000,'茭白筍',2),(203035025000000,'碧玉筍',2),(203075018000000,'馬鈴薯',2),(203097020000000,'荸薺',2),(203106013000000,'半天筍',2),(203106014000000,'黃藤心',2),(203118015000000,'菊芋',2),(203118016000000,'萵苣莖',2),(203135022000000,'水蓮',2),(203146006000000,'蓮',2),(203146006000100,'蓮-蓮藕',2),(203146006000200,'蓮-蓮子',2),(203146006999900,'蓮-其它品種',2),(203147019000000,'蓴菜',2),(203148023000000,'食用大黃',2),(203152017000000,'慈菇',2),(203166008000000,'薑',2),(203166008000100,'薑-老薑',2),(203166008000200,'薑-嫩薑',2),(203166008000300,'薑-粉薑',2),(203166008999900,'薑-其它品種',2),(203166009000000,'蘘荷',2),(203168021000000,'薯蕷',2),(203168021000100,'薯蕷-白薯蕷',2),(203168021000200,'薯蕷-紅薯蕷',2),(203168021999900,'薯蕷-其他品種',2),(204000000000000,'根菜類',2),(204000999000000,'其他根菜',2),(204002001000000,'蘿蔔',2),(204002001000100,'蘿蔔-椿仔',2),(204002001000200,'蘿蔔-矸仔',2),(204002001000300,'蘿蔔-青色',2),(204002001000400,'蘿蔔-梅花',2),(204002001000500,'蘿蔔-白玉',2),(204002001000600,'蘿蔔-櫻桃蘿蔔',2),(204002001999900,'蘿蔔-其它品種',2),(204002002000000,'瑞典蕪菁',2),(204002003000000,'辣根',2),(204044006000000,'豆薯',2),(204044007000000,'闊葉大豆',2),(204098008000000,'甜菜根',2),(204118004000000,'牛蒡',2),(204118005000000,'雪蓮薯',2),(204170009000000,'胡蘿蔔',2),(204170009000100,'胡蘿蔔-橘色胡蘿蔔',2),(204170009000200,'胡蘿蔔-紅色胡蘿蔔',2),(204170009000300,'胡蘿蔔-黃金胡蘿蔔',2),(204170009000400,'胡蘿蔔-紫色胡蘿蔔',2),(204170009000500,'胡蘿蔔-白色胡蘿蔔',2),(204170009999900,'胡蘿蔔-其它品種',2),(205000000000000,'花菜類',2),(205000999000000,'其他花菜',2),(205000999000001,'其他花菜苗',2),(205002001000000,'花椰菜',2),(205002001000100,'花椰菜-青梗花椰菜',2),(205002001000200,'花椰菜-白梗花椰菜',2),(205002001000300,'花椰菜-紫色花椰菜',2),(205002001000400,'花椰菜-黃色花椰菜',2),(205002001999900,'花椰菜-其它品種',2),(205002002000000,'青花菜',2),(205002002000100,'青花菜-青花苔',2),(205002002000200,'青花菜-青花筍',2),(205002002999900,'青花菜-其它品種',2),(205035005000000,'金針花',2),(205105004000000,'石蓮花',2),(205118003000000,'朝鮮薊',2),(206000000000000,'豆菜類',2),(206000999000000,'其他豆菜',2),(206044001000000,'菜豆',2),(206044001000100,'菜豆-白色菜豆',2),(206044001000200,'菜豆-青色菜豆',2),(206044001000300,'菜豆-紅色菜豆',2),(206044001000400,'菜豆-醜豆',2),(206044001000500,'菜豆-海軍豆',2),(206044001000600,'菜豆-大福豆',2),(206044001000700,'菜豆-花豆',2),(206044001999900,'菜豆-其它品種',2),(206044002000000,'豌豆',2),(206044002000100,'豌豆-白花豌豆',2),(206044002000200,'豌豆-紅花豌豆',2),(206044002000300,'豌豆-甜豌豆',2),(206044002999900,'豌豆-其它品種',2),(206044003000000,'刀豆',2),(206044004000000,'毛豆',2),(206044005000000,'鵲豆',2),(206044006000000,'富貴豆',2),(206044007000000,'萊豆',2),(206044008000000,'翼豆',2),(206044009000000,'蠶豆',2),(206044010000000,'豇豆',2),(207000000000000,'瓜菜類',2),(207000999000000,'其他瓜菜',2),(207132001000000,'冬瓜',2),(207132001000100,'冬瓜-白皮冬瓜',2),(207132001000200,'冬瓜-青皮冬瓜',2),(207132001000300,'冬瓜-吉豐',2),(207132001000400,'冬瓜-毛瓜',2),(207132001999900,'冬瓜-其它品種',2),(207132002000000,'南瓜',2),(207132002000100,'南瓜-木瓜形南瓜',2),(207132002000200,'南瓜-圓形南瓜',2),(207132002000300,'南瓜-黃如意',2),(207132002000400,'南瓜-青如意',2),(207132002000500,'南瓜-夏南瓜',2),(207132002000600,'南瓜-觀賞南瓜',2),(207132002000700,'南瓜-東昇',2),(207132002000800,'南瓜-栗子南瓜',2),(207132002999900,'南瓜-其它品種',2),(207132003000000,'扁蒲',2),(207132003000100,'扁蒲-長形扁蒲',2),(207132003000200,'扁蒲-圓形扁蒲',2),(207132003000300,'扁蒲-花蒲',2),(207132003000400,'扁蒲-梨子蒲',2),(207132003999900,'扁蒲-其它品種',2),(207132004000000,'絲瓜',2),(207132004000100,'絲瓜-圓筒絲瓜',2),(207132004000200,'絲瓜-高雄2號',2),(207132004000300,'絲瓜-高雄4號',2),(207132004000400,'絲瓜-長絲瓜',2),(207132004000500,'絲瓜-稜角絲瓜',2),(207132004999900,'絲瓜-其它品種',2),(207132005000000,'胡瓜',2),(207132005000100,'胡瓜-黑刺',2),(207132005000200,'胡瓜-改良種胡瓜',2),(207132005000300,'胡瓜-花胡瓜',2),(207132005000400,'胡瓜-日本種花胡瓜',2),(207132005999900,'胡瓜-其它品種',2),(207132006000000,'苦瓜',2),(207132006000100,'苦瓜-白色苦瓜',2),(207132006000200,'苦瓜-青色苦瓜',2),(207132006000300,'苦瓜-山苦瓜',2),(207132006000400,'苦瓜-翠綠苦瓜',2),(207132006999900,'苦瓜-其它品種',2),(207132007000000,'西瓜',2),(207132007000100,'西瓜-大西瓜',2),(207132007000200,'西瓜-無子西瓜',2),(207132007000300,'西瓜-黑美人',2),(207132007000400,'西瓜-鳳光',2),(207132007000500,'西瓜-黃肉西瓜',2),(207132007000600,'西瓜-紅肉西瓜',2),(207132007000700,'西瓜-秀鈴',2),(207132007000800,'西瓜-瓜子瓜',2),(207132007999900,'西瓜-其它品種',2),(207132008000000,'越瓜',2),(207132008000100,'越瓜-青色越瓜',2),(207132008000200,'越瓜-白色越瓜',2),(207132008999900,'越瓜-其它品種',2),(207132009000000,'甜瓜',2),(207132009000100,'甜瓜-香瓜',2),(207132009000200,'甜瓜-洋香瓜',2),(207132009000300,'甜瓜-光面白肉洋香瓜',2),(207132009000400,'甜瓜-光面紅肉洋香瓜',2),(207132009000500,'甜瓜-光面綠肉洋香瓜',2),(207132009000600,'甜瓜-網紋白肉洋香瓜',2),(207132009000700,'甜瓜-網紋紅肉洋香瓜',2),(207132009000800,'甜瓜-網紋綠肉洋香瓜',2),(207132009000900,'甜瓜-新疆洋香瓜',2),(207132009999900,'甜瓜-其它品種',2),(207132010000000,'隼人瓜',2),(207132011000000,'蛇瓜',2),(208000000000000,'果菜類',2),(208000999000000,'其他果菜',2),(208000999000001,'其他果菜苗',2),(208004008000000,'菱角',2),(208075001000000,'甜椒',2),(208075001000100,'甜椒-新香',2),(208075001000200,'甜椒-彩色種甜椒',2),(208075001000300,'甜椒-青椒',2),(208075001999900,'甜椒-其它品種',2),(208075002000000,'辣椒',2),(208075002000100,'辣椒-紅小',2),(208075002000200,'辣椒-青小',2),(208075002000300,'辣椒-雞心辣椒',2),(208075002000400,'辣椒-朝天椒',2),(208075002000500,'辣椒-青龍辣椒',2),(208075002000600,'辣椒-糯米椒',2),(208075002999900,'辣椒-其它品種',2),(208075003000000,'番茄',2),(208075003000100,'番茄-黑柿番茄',2),(208075003000200,'番茄-亞蔬10號',2),(208075003000300,'番茄-粉柿番茄',2),(208075003000400,'番茄-豐年2號',2),(208075003000500,'番茄-牛番茄',2),(208075003000600,'番茄-紅慧',2),(208075003999900,'番茄-其它品種',2),(208075004000000,'小果番茄',2),(208075004000100,'小果番茄-玉女',2),(208075004000200,'小果番茄-聖女',2),(208075004000300,'小果番茄-嬌女',2),(208075004000400,'小果番茄-聖運',2),(208075004000500,'小果番茄-慧珠',2),(208075004000600,'小果番茄-小姑娘',2),(208075004000700,'小果番茄-桃太郎',2),(208075004000800,'小果番茄-亞蔬6號',2),(208075004000900,'小果番茄-亞蔬11號',2),(208075004001000,'小果番茄-夏越3號',2),(208075004999900,'小果番茄-其它品種',2),(208075005000000,'茄子',2),(208075005000100,'茄子-胭脂茄',2),(208075005000200,'茄子-稼穡長茄',2),(208075005000300,'茄子-麻芝茄',2),(208075005000400,'茄子-日本圓茄',2),(208075005999900,'茄子-其它品種',2),(208075006000000,'香瓜茄',2),(208080010000000,'麵包果',2),(208114007000000,'破布子',2),(208155009000000,'黃秋葵',2),(208167011000000,'草莓',2),(209000000000000,'芽菜類',2),(209000999999900,'其他芽菜',2),(209002001000000,'甘藍芽菜',2),(209002002000000,'芥藍芽菜',2),(209002003000000,'青花菜芽菜',2),(209002004000000,'蘿蔔芽菜',2),(209044005000000,'落花生芽菜',2),(209044006000000,'蕎麥芽菜',2),(209044007000000,'黃豆芽',2),(209044008000000,'黑豆芽',2),(209044009000000,'苜蓿芽',2),(209044010000000,'豌豆芽菜',2),(209044011000000,'蠶豆芽',2),(209044012000000,'紅豆芽',2),(209044013000000,'綠豆芽',2),(210000000000000,'菇蕈類',2),(210000999000000,'其他菇類',2),(210005029000000,'酒杯菇',2),(210005030000000,'鴻喜菇',2),(210005031000000,'白玉菇',2),(210005032000000,'金福菇',2),(210005033000000,'紫丁香蘑',2),(210005034000000,'松茸',2),(210007013000000,'金針菇',2),(210007014000000,'香菇',2),(210015005000000,'黑木耳',2),(210015006000000,'斤耳',2),(210015007000000,'毛木耳',2),(210021009000000,'牛肝菌',2),(210031024000000,'草菇',2),(210032025000000,'雲芝',2),(210089016000000,'竹蓀',2),(210090017000000,'珊瑚菇',2),(210090018000000,'鮑魚菇',2),(210090019000000,'杏鮑菇',2),(210090020000000,'白靈菇',2),(210090021000000,'秀珍菇',2),(210090022000000,'蠔菇',2),(210090023000000,'粉紅玫瑰菇',2),(210095026000000,'滑菇',2),(210101010000000,'北蟲草',2),(210103001000000,'洋菇',2),(210103002000000,'巴西蘑菇',2),(210103003000000,'雞腿菇',2),(210103004000000,'雞肉絲菇',2),(210109012000000,'猴頭菇',2),(210139027000000,'金耳',2),(210139028000000,'白木耳',2),(210163008000000,'茶樹菇',2),(210165015000000,'舞菇',2),(210183011000000,'靈芝',2),(299000000000000,'其他蔬菜類',2),(299000996000000,'採種用蔬菜',2),(299000997000000,'其他短期蔬菜',2),(299000998000000,'其他長期蔬菜',2),(299000999000000,'其他蔬菜',2),(299049003000000,'髮菜',2),(299084001000000,'海帶',2),(299162002000000,'海菜',2),(299169004000000,'小海帶',2),(300000000000000,'果樹類',3),(301000000000000,'柑橘類',3),(301000999000000,'其他柑橘',3),(301000999000100,'其他柑橘-虎頭柑',3),(301000999000200,'其他柑橘-雜柑類',3),(301000999999900,'其他柑橘-其他品種',3),(301053001000000,'柚子',3),(301053001000100,'柚子-文旦',3),(301053001000200,'柚子-白柚',3),(301053001000300,'柚子-紅柚',3),(301053001000400,'柚子-西施柚',3),(301053001000500,'柚子-斗柚',3),(301053001000600,'柚子-香柚',3),(301053001000700,'柚子-蜜柚',3),(301053001999900,'柚子-其他品種',3),(301053002000000,'葡萄柚',3),(301053002000100,'葡萄柚-紅肉',3),(301053002000200,'葡萄柚-紅寶石',3),(301053002000300,'葡萄柚-白肉',3),(301053002000400,'葡萄柚-無酸柚',3),(301053002999900,'葡萄柚-其他品種',3),(301053003000000,'寬皮柑',3),(301053003000100,'寬皮柑-無子桶柑',3),(301053003000200,'寬皮柑-桶柑',3),(301053003000300,'寬皮柑-海梨柑',3),(301053003000400,'寬皮柑-椪柑',3),(301053003000500,'寬皮柑-茂谷柑',3),(301053003000600,'寬皮柑-紅柑',3),(301053003000700,'寬皮柑-溫州柑',3),(301053003000800,'寬皮柑-佛利檬',3),(301053003000900,'寬皮柑-豔陽柑',3),(301053003001000,'寬皮柑-三寶柑',3),(301053003001100,'寬皮柑-不知火',3),(301053003001200,'寬皮柑-帝王柑',3),(301053003001300,'寬皮柑-貢橘',3),(301053003001400,'寬皮柑-金州柑',3),(301053003001500,'寬皮柑-砂糖橘',3),(301053003999900,'寬皮柑-其他品種',3),(301053004000000,'甜橙',3),(301053004000100,'甜橙-柳橙',3),(301053004000200,'甜橙-晚崙西亞',3),(301053004000300,'甜橙-紅肉柳橙',3),(301053004000400,'甜橙-紅江橙',3),(301053004000500,'甜橙-無酸橙',3),(301053004000600,'甜橙-清見橘橙',3),(301053004000700,'甜橙-臍橙',3),(301053004999900,'甜橙-其他品種',3),(301053005000000,'枸櫞',3),(301053005000100,'枸櫞-檸檬',3),(301053005000200,'枸櫞-萊姆',3),(301053005000300,'枸櫞-廣東檸檬',3),(301053005000400,'枸櫞-香水檸檬',3),(301053005000500,'枸櫞-香櫞',3),(301053005000600,'枸櫞-佛手',3),(301053005000700,'枸櫞-酸萊姆',3),(301053005999900,'枸櫞-其他品種',3),(301053006000000,'金柑與小果柑橘',3),(301053006000100,'金柑與小果柑橘-長實金柑',3),(301053006000200,'金柑與小果柑橘-圓實金柑',3),(301053006000300,'金柑與小果柑橘-長壽金柑',3),(301053006000400,'金柑與小果柑橘-寧波金柑',3),(301053006000500,'金柑與小果柑橘-黃水晶',3),(301053006000600,'金柑與小果柑橘-酸橘',3),(301053006000700,'金柑與小果柑橘-四季桔',3),(301053006000800,'金柑與小果柑橘-台灣香檬',3),(301053006000900,'金柑與小果柑橘-美女桔',3),(301053006999900,'金柑與小果柑橘-其他品種',3),(302000000000000,'漿果類',3),(302000999000000,'其他漿果',3),(302011025000000,'蛋黃果',3),(302011026000000,'黃金果',3),(302011027000000,'神秘果',3),(302011028000000,'人心果',3),(302022011000100,'紅龍果-白肉',3),(302022011000200,'紅龍果-紅肉',3),(302022011999900,'紅龍果-其他品種',3),(302033024000000,'石榴',3),(302038010000000,'百香果',3),(302038010000100,'百香果-改良種',3),(302038010999900,'百香果-其他品種',3),(302038011000000,'紅龍果',3),(302044015000000,'羅望子',3),(302052002000000,'香蕉',3),(302052003000000,'芭蕉',3),(302052003000100,'芭蕉-旦蕉',3),(302052003000200,'芭蕉-紅芭蕉',3),(302052003999900,'芭蕉-其他品種',3),(302064016000000,'柿子',3),(302064016000100,'柿-紅柿',3),(302064016000200,'柿-水柿',3),(302064016000300,'柿-甜柿',3),(302064016000400,'柿-筆柿',3),(302064016000500,'柿-秋柿',3),(302064016000600,'柿-富有',3),(302064016000700,'柿-次郎',3),(302064016000800,'柿-石柿',3),(302064016999900,'柿-其他品種',3),(302079005000000,'番石榴',3),(302079005000100,'番石榴-珍珠芭',3),(302079005000200,'番石榴-紅心芭',3),(302079005000300,'番石榴-帝王芭',3),(302079005000400,'番石榴-世紀芭',3),(302079005000500,'番石榴-水晶',3),(302079005000600,'番石榴-水晶無子',3),(302079005000700,'番石榴-紅肉芭',3),(302079005999900,'番石榴-其他品種',3),(302079006000000,'蓮霧',3),(302079006000100,'蓮霧-紅蓮霧',3),(302079006000200,'蓮霧-子彈型',3),(302079006000300,'蓮霧-翠玉',3),(302079006000400,'蓮霧-巴掌蓮霧',3),(302079006000500,'蓮霧-黑糖芭比',3),(302079006000600,'蓮霧-黑金剛',3),(302079006999900,'蓮霧-其他品種',3),(302079007000000,'嘉寶果',3),(302080017000000,'麵包果',3),(302080018000000,'無花果',3),(302080019000000,'波羅蜜',3),(302080020000000,'小波羅蜜',3),(302080021000000,'桑椹',3),(302080021000100,'桑椹-多果桑',3),(302080021000200,'桑椹-長果桑',3),(302080021999900,'桑椹-其他品種',3),(302080022000000,'榴槤蜜',3),(302110001000000,'番木瓜',3),(302110001000100,'番木瓜-紅肉',3),(302110001000200,'番木瓜-日昇種',3),(302110001000300,'番木瓜-青木瓜',3),(302110001000400,'番木瓜-台農2號',3),(302110001999900,'番木瓜-其他品種',3),(302112014000000,'釋迦',3),(302112014000100,'釋迦-大目種',3),(302112014000200,'釋迦-土釋迦',3),(302112014000300,'釋迦-鳳梨釋迦',3),(302112014999900,'釋迦-其他品種',3),(302122013000000,'藍莓',3),(302123009000000,'楊桃',3),(302123009000100,'楊桃-軟枝密絲',3),(302123009000200,'楊桃-紅龍',3),(302123009000300,'楊桃-馬來亞種',3),(302123009999900,'楊桃-其他品種',3),(302124029000000,'西印度櫻桃',3),(302126023000000,'楊梅',3),(302131008000000,'葡萄',3),(302131008000100,'葡萄-巨峰',3),(302131008000200,'葡萄-義大利',3),(302131008000300,'葡萄-金香',3),(302131008000400,'葡萄-黑后',3),(302131008000500,'葡萄-無子',3),(302131008000600,'葡萄-春峰',3),(302131008000700,'葡萄-蜜紅',3),(302131008999900,'葡萄-其他品種',3),(302132032000000,'木鱉果',3),(302143004000000,'鳳梨',3),(302143004000100,'鳳梨-開英',3),(302143004000200,'鳳梨-金鑽',3),(302143004000300,'鳳梨-香水',3),(302143004000400,'鳳梨-蘋果',3),(302143004000500,'鳳梨-牛奶',3),(302143004000600,'鳳梨-甜蜜蜜',3),(302143004000700,'鳳梨-黃金',3),(302143004999900,'鳳梨-其他品種',3),(302155030000000,'榴槤',3),(302175031000000,'山竹',3),(302176012000000,'奇異果',3),(303000000000000,'仁果類',3),(303000999000000,'其他仁果',3),(303167001000000,'蘋果',3),(303167001000100,'蘋果-五爪',3),(303167001000150,'蘋果-五爪進口',3),(303167001000200,'蘋果-秋香',3),(303167001000250,'蘋果-秋香進口',3),(303167001000300,'蘋果-惠',3),(303167001000350,'蘋果-惠進口',3),(303167001000400,'蘋果-金冠',3),(303167001000450,'蘋果-金冠進口',3),(303167001000500,'蘋果-紅玉',3),(303167001000550,'蘋果-紅玉進口',3),(303167001000600,'蘋果-富士',3),(303167001000650,'蘋果-富士進口',3),(303167001000700,'蘋果-陸奧',3),(303167001000750,'蘋果-陸奧進口',3),(303167001000800,'蘋果-蜜蘋果',3),(303167001000900,'蘋果-青龍',3),(303167001001000,'蘋果-津輕',3),(303167001999900,'蘋果-其他品種',3),(303167001999950,'蘋果-其他品種進口',3),(303167002000000,'梨',3),(303167002000001,'梨-梨穗',3),(303167002000100,'梨-橫山梨',3),(303167002000200,'梨-秋水梨',3),(303167002000300,'梨-世紀梨',3),(303167002000400,'梨-新興梨',3),(303167002000500,'梨-豐水梨',3),(303167002000600,'梨-幸水梨',3),(303167002000700,'梨-鳥梨',3),(303167002000800,'梨-4029梨',3),(303167002000900,'梨-蜜梨',3),(303167002001000,'梨-雪梨',3),(303167002001100,'梨-黃金梨',3),(303167002001200,'梨-台中1號',3),(303167002001300,'梨-台中2號',3),(303167002001400,'梨-西洋梨',3),(303167002001500,'梨-甘露梨',3),(303167002999900,'梨-其他品種',3),(303167003000000,'枇杷',3),(303167003000100,'枇杷-田中',3),(303167003000200,'枇杷-茂木',3),(303167003999900,'枇杷-其他品種',3),(304000000000000,'核果類',3),(304000999000000,'其它核果',3),(304006005000000,'油柑',3),(304106017000000,'棗椰子',3),(304108001000000,'荔枝',3),(304108001000100,'荔枝-玉荷包',3),(304108001000200,'荔枝-黑葉',3),(304108001000300,'荔枝-糯米',3),(304108001000400,'荔枝-竹葉黑',3),(304108001000500,'荔枝-桂味',3),(304108001999900,'茘枝-其他品種',3),(304108002000000,'龍眼',3),(304108002000100,'龍眼-十月眼',3),(304108002000200,'龍眼-粉殼',3),(304108002999900,'龍眼-其他品種',3),(304108003000000,'紅毛丹',3),(304133012000000,'中國棗',3),(304133012000100,'中國棗-紅棗',3),(304133012999900,'中國棗-其他品種',3),(304133013000000,'印度棗',3),(304133013000100,'印度棗-蜜棗',3),(304133013000200,'印度棗-仙桃',3),(304133013000300,'印度棗-翠蜜',3),(304133013000400,'印度棗-天蜜',3),(304133013000500,'印度棗-金桃',3),(304133013999900,'印度棗-其他品種',3),(304134004000000,'檬果',3),(304134004000100,'檬果-愛文',3),(304134004000200,'檬果-玉文',3),(304134004000300,'檬果-土檬果',3),(304134004000400,'檬果-凱特',3),(304134004000500,'檬果-黑香金興',3),(304134004000600,'檬果-金煌',3),(304134004000700,'檬果-聖心',3),(304134004000800,'檬果-金蜜',3),(304134004999900,'檬果-其他品種',3),(304145011000000,'酪梨',3),(304145011000100,'酪梨-清進1號',3),(304145011000200,'酪梨-清進2號',3),(304145011000300,'酪梨-嘉選3號',3),(304145011000400,'酪梨-紅嬌',3),(304145011000500,'酪梨-十月紅',3),(304145011000600,'酪梨-台農1號',3),(304145011000700,'酪梨-厚兒',3),(304145011000800,'酪梨-秋可',3),(304145011000900,'酪梨-平克頓',3),(304145011001000,'酪梨-哈斯',3),(304145011999900,'酪梨-其他品種',3),(304151015000000,'橄欖',3),(304151016000000,'爪哇橄欖',3),(304164014000000,'錫蘭橄欖',3),(304167006000000,'桃',3),(304167006000100,'桃-水蜜桃',3),(304167006000200,'桃-鶯歌桃',3),(304167006000300,'桃-甜桃',3),(304167006000400,'桃-早桃',3),(304167006000500,'桃-福壽桃',3),(304167006000600,'桃-加州桃',3),(304167006000700,'桃-甜蜜桃',3),(304167006999900,'桃-其他品種',3),(304167007000000,'李',3),(304167007000100,'李-沙蓮李',3),(304167007000200,'李-桃接李',3),(304167007000300,'李-紅肉李',3),(304167007000400,'李-黃肉李',3),(304167007000500,'李-加州李',3),(304167007000600,'李-泰安李',3),(304167007000700,'李-蜜李',3),(304167007999900,'李-其他品種',3),(304167008000000,'櫻桃',3),(304167009000000,'杏',3),(304167010000000,'梅',3),(305000000000000,'堅果類',3),(305000999000000,'其他堅果',3),(305010008000000,'澳洲胡桃',3),(305069009000000,'長山核桃',3),(305069011000000,'胡桃',3),(305094010000000,'蘋婆',3),(305094012000000,'可可',3),(305106001000000,'椰子',3),(305106002000000,'檳榔',3),(305107007000000,'栗子',3),(305134005000000,'腰果',3),(305134006000000,'胡榛子',3),(305167003000000,'杏仁',3),(305167004000000,'扁桃',3),(399000999000000,'其他果樹',3),(400000000000000,'花卉類',4),(401000000000000,'蘭花類',4),(401000999000000,'其他蘭花',4),(401179001000000,'千代蘭',4),(401179001000003,'千代蘭(切花)',4),(401179001000053,'千代蘭(進口切花)',4),(401179002000000,'蜘蛛蘭',4),(401179002000003,'蜘蛛蘭(切花)',4),(401179002000053,'蜘蛛蘭(進口切花)',4),(401179003000000,'嘉德麗雅蘭',4),(401179003000003,'嘉德麗雅蘭(切花)',4),(401179003000053,'嘉德麗雅蘭(進口切花)',4),(401179004000000,'小花蕙蘭',4),(401179004000103,'小花蕙蘭-報歲蘭(切花)',4),(401179004000153,'小花蕙蘭-報歲蘭(進口切花)',4),(401179004000205,'小花蕙蘭-春蘭(切葉)',4),(401179004000255,'小花蕙蘭-春蘭(進口切葉)',4),(401179004999900,'小花蕙蘭-其他品種',4),(401179005000000,'虎頭蘭',4),(401179005000003,'虎頭蘭(切花)',4),(401179005000103,'虎頭蘭-大輪(切花)',4),(401179005000153,'虎頭蘭-大輪(進口切花)',4),(401179005000203,'虎頭蘭-大輪白(切花)',4),(401179005000303,'虎頭蘭-大輪紅(切花)',4),(401179005000403,'虎頭蘭-大輪粉(切花)',4),(401179005000503,'虎頭蘭-大輪混色(切花)',4),(401179005000603,'虎頭蘭-大輪黃(切花)',4),(401179005000703,'虎頭蘭-大輪綠(切花)',4),(401179005000753,'虎頭蘭-大輪綠(進口切花)',4),(401179005000803,'虎頭蘭-大輪橙(切花)',4),(401179005000903,'虎頭蘭-小輪(切花)',4),(401179005001003,'虎頭蘭-中輪(切花)',4),(401179005001103,'虎頭蘭-中輪白(切花)',4),(401179005001203,'虎頭蘭-中輪紅(切花)',4),(401179005001303,'虎頭蘭-中輪粉(切花)',4),(401179005001403,'虎頭蘭-中輪混色(切花)',4),(401179005001503,'虎頭蘭-中輪黃(切花)',4),(401179005001603,'虎頭蘭-中輪綠(切花)',4),(401179005001703,'虎頭蘭-中輪橙(切花)',4),(401179005001803,'虎頭蘭-黃金小神童(切花)',4),(401179005001853,'虎頭蘭-黃金小神童(進口切花)',4),(401179005999900,'虎頭蘭-其他品種',4),(401179006000000,'石斛蘭',4),(401179006000003,'石斛蘭(切花)',4),(401179006000103,'石斛蘭-大紫紅(切花)',4),(401179006000153,'石斛蘭-大紫紅(進口切花)',4),(401179006000203,'石斛蘭-白(切花)',4),(401179006000253,'石斛蘭-白(進口切花)',4),(401179006000303,'石斛蘭-白紅心(切花)',4),(401179006000353,'石斛蘭-白紅心(進口切花)',4),(401179006000403,'石斛蘭-紅(切花)',4),(401179006000453,'石斛蘭-紅(進口切花)',4),(401179006000503,'石斛蘭-粉(切花)',4),(401179006000553,'石斛蘭-粉(進口切花)',4),(401179006000603,'石斛蘭-深紅(切花)',4),(401179006000653,'石斛蘭-深紅(進口切花)',4),(401179006000703,'石斛蘭-荷粉(切花)',4),(401179006000753,'石斛蘭-荷粉(進口切花)',4),(401179006000803,'石斛蘭-紫(切花)',4),(401179006000853,'石斛蘭-紫(進口切花)',4),(401179006000903,'石斛蘭-綠寶石黃(切花)',4),(401179006000953,'石斛蘭-綠寶石黃(進口切花)',4),(401179006999900,'石斛蘭-其他品種',4),(401179007000000,'樹蘭',4),(401179007000003,'樹蘭(切花)',4),(401179007000053,'樹蘭(進口切花)',4),(401179008000000,'皇后蘭',4),(401179008000003,'皇后蘭(切花)',4),(401179008000053,'皇后蘭(進口切花)',4),(401179009000000,'文心蘭',4),(401179009000003,'文心蘭(切花)',4),(401179009000103,'大文心蘭(切花)',4),(401179009000203,'小文心蘭(切花)',4),(401179009000253,'小文心蘭(進口切花)',4),(401179009000303,'文心蘭-白雪(切花)',4),(401179009000403,'文心蘭-香水(切花)',4),(401179009000453,'文心蘭-香水(進口切花)',4),(401179009000503,'文心蘭-黃金香水(切花)',4),(401179009000603,'文心蘭-檸檬綠(切花)',4),(401179009000703,'迷你文心蘭(切花)',4),(401179009999900,'文心蘭-其他品種',4),(401179010000000,'拖鞋蘭',4),(401179010000003,'拖鞋蘭(切花)',4),(401179010000053,'拖鞋蘭(進口切花)',4),(401179011000000,'蝴蝶蘭',4),(401179011000003,'蝴蝶蘭(切花)',4),(401179011000053,'蝴蝶蘭(進口切花)',4),(401179011000103,'蝴蝶蘭-白紅心(切花)',4),(401179011000153,'蝴蝶蘭-白紅心(進口切花)',4),(401179011000203,'蝴蝶蘭-白黃心(切花)',4),(401179011000253,'蝴蝶蘭-白黃心(進口切花)',4),(401179011000303,'蝴蝶蘭-紅(切花)',4),(401179011000353,'蝴蝶蘭-紅(進口切花)',4),(401179011000403,'蝴蝶蘭-粉(切花)',4),(401179011000453,'蝴蝶蘭-粉(進口切花)',4),(401179011000503,'蝴蝶蘭-斑點(切花)',4),(401179011000553,'蝴蝶蘭-斑點(進口切花)',4),(401179011000603,'蝴蝶蘭-黃色(切花)',4),(401179011000653,'蝴蝶蘭-黃色(進口切花)',4),(401179011000703,'蝴蝶蘭-線條(切花)',4),(401179011000753,'蝴蝶蘭-線條(進口切花)',4),(401179011999900,'蝴蝶蘭-其他品種',4),(401179012000000,'腎藥蘭',4),(401179012000003,'腎藥蘭(切花)',4),(401179012000103,'腎藥蘭-淺紅色(切花)',4),(401179012000203,'腎藥蘭-深紅色(切花)',4),(401179012999900,'腎藥蘭-其他品種',4),(401179013000000,'萬代蘭',4),(401179013000003,'萬代蘭(切花)',4),(401179013000053,'萬代蘭(進口切花)',4),(401179013000103,'萬代蘭-巨輪白(切花)',4),(401179013000203,'萬代蘭-巨輪紅(切花)',4),(401179013000303,'萬代蘭-巨輪粉(切花)',4),(401179013000403,'萬代蘭-巨輪淺紫(切花)',4),(401179013000503,'萬代蘭-巨輪棕(切花)',4),(401179013000603,'萬代蘭-巨輪紫(切花)',4),(401179013000703,'萬代蘭-巨輪黃(切花)',4),(401179013000803,'萬代蘭-巨輪綠(切花)',4),(401179013000903,'萬代蘭-巨輪橙(切花)',4),(401179013999900,'萬代蘭-其他品種',4),(402000000000000,'一二年生草本類',4),(402000999000000,'其他一二年生草本',4),(402002014000000,'葉牡丹',4),(402002014000005,'葉牡丹(切葉)',4),(402002014000055,'葉牡丹(進口切葉)',4),(402002014000106,'葉牡丹-粉(乾燥花)',4),(402002014000207,'葉牡丹-紫(食用)',4),(402002015000000,'紫羅蘭',4),(402002015000003,'紫羅蘭(切花)',4),(402002015000103,'紫羅蘭-重瓣(切花)',4),(402002015000153,'紫羅蘭-重瓣(進口切花)',4),(402002015000203,'紫羅蘭-重瓣白(切花)',4),(402002015000303,'紫羅蘭-重瓣桃紅(切花)',4),(402002015000403,'紫羅蘭-重瓣粉(切花)',4),(402002015000503,'紫羅蘭-重瓣深紫(切花)',4),(402002015000603,'紫羅蘭-重瓣淺紫(切花)',4),(402002015000703,'紫羅蘭-單瓣(切花)',4),(402002015000753,'紫羅蘭-單瓣(進口切花)',4),(402002015999900,'紫羅蘭-其他品種',4),(402019026000000,'黑種草',4),(402019026000003,'黑種草(切花)',4),(402019026000053,'黑種草(進口切花)',4),(402030022000000,'小米',4),(402030022000005,'小米(切葉)',4),(402030022000055,'小米(進口切葉)',4),(402030023000000,'高梁',4),(402030023000005,'高梁(切葉)',4),(402030023000055,'高梁(進口切葉)',4),(402030023000105,'傘高梁(切葉)',4),(402030024000000,'小麥',4),(402030024000005,'小麥(切葉)',4),(402030024000055,'小麥(進口切葉)',4),(402030025000000,'觀賞玉米',4),(402030025000005,'觀賞玉米(切葉)',4),(402030025000055,'觀賞玉米(進口切葉)',4),(402040017000000,'松蟲草',4),(402040017000003,'松蟲草(切花)',4),(402063021000000,'古代稀',4),(402063021000003,'古代稀(切花)',4),(402063021000053,'古代稀(進口切花)',4),(402075027000000,'觀賞辣椒',4),(402075027000005,'觀賞辣椒(切葉)',4),(402075027000055,'觀賞辣椒(進口切葉)',4),(402075028000000,'紅茄',4),(402075028000005,'紅茄(切葉)',4),(402075028000055,'紅茄(進口切葉)',4),(402081016000000,'風鈴花',4),(402081016000003,'風鈴花(切花)',4),(402081016000053,'風鈴花(進口切花)',4),(402096020000000,'貝殼花',4),(402096020000003,'貝殼花(切花)',4),(402096020000053,'貝殼花(進口切花)',4),(402098001000000,'雁來紅',4),(402098001000005,'雁來紅(切葉)',4),(402098001000055,'雁來紅(進口切葉)',4),(402098002000000,'紅莧菜',4),(402098002000005,'紅莧菜(切葉)',4),(402098002000055,'紅莧菜(進口切葉)',4),(402098003000000,'雞冠花',4),(402098003000003,'雞冠花(切花)',4),(402098003000053,'雞冠花(進口切花)',4),(402098003000103,'雞冠花-清紅(切花)',4),(402098003000203,'雞冠花-暗紅(切花)',4),(402098003000303,'雞冠花-黃(切花)',4),(402098003000403,'雞冠花-綠(切花)',4),(402098003000503,'垂雞冠(切花)',4),(402098003000603,'雞冠花-紫紅(切花)',4),(402098003000703,'雞冠花-黃綠(切花)',4),(402098003000803,'雞冠花-粉(切花)',4),(402098003000903,'槍型雞冠花(切花)',4),(402098003000953,'槍型雞冠花(進口切花)',4),(402098003001003,'雞冠花-火焰-紅(切花)',4),(402098003001103,'雞冠花-火焰-橘(切花)',4),(402098003001203,'雞冠花-火焰-黃(切花)',4),(402098003001303,'雞冠花-火焰-粉(切花)',4),(402098003999900,'雞冠花-其他品種',4),(402098004000000,'藜',4),(402098004000003,'藜(切花)',4),(402098005000000,'千日紅',4),(402098005000003,'千日紅(切花)',4),(402098005000053,'千日紅(進口切花)',4),(402118006000000,'金盞花',4),(402118006000003,'金盞花(切花)',4),(402118006000053,'金盞花(進口切花)',4),(402118007000000,'雲南菊',4),(402118007000003,'雲南菊(切花)',4),(402118007000103,'雲南菊-白(切花)',4),(402118007000153,'雲南菊-白(進口切花)',4),(402118007000203,'雲南菊-紅(切花)',4),(402118007000253,'雲南菊-紅(進口切花)',4),(402118007000303,'雲南菊-桃紅(切花)',4),(402118007000353,'雲南菊-桃紅(進口切花)',4),(402118007000403,'雲南菊-粉(切花)',4),(402118007000453,'雲南菊-粉(進口切花)',4),(402118007000503,'雲南菊-紫(切花)',4),(402118007000553,'雲南菊-紫(進口切花)',4),(402118007000603,'雲南菊-雙色粉(切花)',4),(402118007999900,'雲南菊-其他品種',4),(402118008000000,'紅花',4),(402118008000003,'紅花(切花)',4),(402118008000053,'紅花(進口切花)',4),(402118009000000,'矢車菊',4),(402118009000003,'矢車菊(切花)',4),(402118009000053,'矢車菊(進口切花)',4),(402118010000000,'向日葵',4),(402118010000003,'向日葵(切花)',4),(402118010000103,'向日葵-單瓣(切花)',4),(402118010000153,'向日葵-單瓣(進口切花)',4),(402118010000203,'向日葵-重瓣(切花)',4),(402118010000253,'向日葵-重瓣(進口切花)',4),(402118010000303,'向日葵-金鑽(切花)',4),(402118010000403,'向日葵-太陽神(切花)',4),(402118010000503,'向日葵-金色陽光(切花)',4),(402118010000603,'向日葵-達冠七號(切花)',4),(402118010999900,'向日葵-其他品種',4),(402118011000000,'瓜葉菊',4),(402118011000003,'瓜葉菊(切花)',4),(402118011000053,'瓜葉菊(進口切花)',4),(402118012000000,'鱗托菊',4),(402118012000003,'鱗托菊(切花)',4),(402118012000053,'鱗托菊(進口切花)',4),(402118013000000,'百日草',4),(402118013000003,'百日草(切花)',4),(402132018000000,'觀賞南瓜',4),(402132018000005,'觀賞南瓜(切葉)',4),(402132018000055,'觀賞南瓜(進口切葉)',4),(402159019000000,'洋桔梗',4),(402159019000003,'洋桔梗(切花)',4),(402159019000053,'洋桔梗(進口切花)',4),(402159019000103,'洋桔梗-艾瑞娜-白(切花)',4),(402159019000203,'洋桔梗-艾瑞娜-香檳粉(切花)',4),(402159019000303,'洋桔梗-艾瑞娜-粉(切花)',4),(402159019000403,'洋桔梗-舞曲-白(切花)',4),(402159019000503,'洋桔梗-禮儀-淺粉(切花)',4),(402159019000603,'洋桔梗-國王-紫(切花)',4),(402159019000703,'洋桔梗-國王-淡紫(切花)',4),(402159019000803,'洋桔梗-石中劍-白(切花)',4),(402159019000903,'洋桔梗-羅莎-綠(切花)',4),(402159019001003,'洋桔梗-羅莎-淡紫(切花)',4),(402159019001103,'洋桔梗-羅莎-彩粉(切花)',4),(402159019001203,'洋桔梗-羅莎-黃(切花)',4),(402159019001303,'洋桔梗-北斗星-白紫(切花)',4),(402159019001403,'洋桔梗-露娜-美桃(切花)',4),(402159019001503,'洋桔梗-神奇-白(切花)',4),(402159019001603,'洋桔梗-莫內馬林-白／紫(切花)',4),(402159019001703,'洋桔梗-蝴蝶-櫻紅(切花)',4),(402159019001803,'洋桔梗-可愛-綠(切花)',4),(402159019001903,'洋桔梗-小羅莎-白(切花)',4),(402159019002003,'洋桔梗-彼得2號-白／紫(切花)',4),(402159019002103,'洋桔梗-吉美1號-綠(切花)',4),(402159019002203,'洋桔梗-羅西娜-紫(切花)',4),(402159019002303,'洋桔梗-羅西娜-綠(切花)',4),(402159019002403,'洋桔梗-羅西娜-薰衣草紫(切花)',4),(402159019002503,'洋桔梗-羅西娜-彩粉(切花)',4),(402159019002603,'洋桔梗-羅西娜-白／粉(切花)',4),(402159019002703,'洋桔梗-小羅莎白粉(切花)',4),(402159019002803,'洋桔梗-卡門紫(切花)',4),(402159019002903,'洋桔梗-可愛粉(切花)',4),(402159019003003,'洋桔梗-可愛紫(切花)',4),(402159019003103,'洋桔梗-奶油泡芙(切花)',4),(402159019003203,'洋桔梗-艾瑞娜桃(切花)',4),(402159019003303,'洋桔梗-艾瑞娜彩粉(切花)',4),(402159019003403,'洋桔梗-艾瑞娜綠(切花)',4),(402159019003503,'洋桔梗-克萊麗(切花)',4),(402159019003603,'洋桔梗-波卡(切花)',4),(402159019003703,'洋桔梗-珍妮白(切花)',4),(402159019003803,'洋桔梗-皇后白(切花)',4),(402159019003953,'洋桔梗-重瓣彩藍(進口切花)',4),(402159019004003,'洋桔梗-海之波(切花)',4),(402159019004103,'洋桔梗-神奇白紫(切花)',4),(402159019004203,'洋桔梗-單瓣白(切花)',4),(402159019004253,'洋桔梗-單瓣白(進口切花)',4),(402159019004303,'洋桔梗-單瓣白紅邊(切花)',4),(402159019004353,'洋桔梗-單瓣白紅邊(進口切花)',4),(402159019004403,'洋桔梗-單瓣白粉邊(切花)',4),(402159019004453,'洋桔梗-單瓣白粉邊(進口切花)',4),(402159019004503,'洋桔梗-單瓣白紫邊(切花)',4),(402159019004553,'洋桔梗-單瓣白紫邊(進口切花)',4),(402159019004603,'洋桔梗-單瓣紅(切花)',4),(402159019004653,'洋桔梗-單瓣紅(進口切花)',4),(402159019004703,'洋桔梗-單瓣粉(切花)',4),(402159019004753,'洋桔梗-單瓣粉(進口切花)',4),(402159019004803,'洋桔梗-單瓣彩藍(切花)',4),(402159019004853,'洋桔梗-單瓣彩藍(進口切花)',4),(402159019004903,'洋桔梗-單瓣紫(切花)',4),(402159019004953,'洋桔梗-單瓣紫(進口切花)',4),(402159019005003,'洋桔梗-單瓣黃(切花)',4),(402159019005053,'洋桔梗-單瓣黃(進口切花)',4),(402159019005103,'洋桔梗-單瓣綠(切花)',4),(402159019005153,'洋桔梗-單瓣綠(進口切花)',4),(402159019005203,'洋桔梗-單瓣藍星(切花)',4),(402159019005303,'洋桔梗-琥珀綠(切花)',4),(402159019005403,'洋桔梗-超級神奇白(切花)',4),(402159019005503,'洋桔梗-順風杏粉(切花)',4),(402159019005603,'洋桔梗-順風粉(切花)',4),(402159019005703,'洋桔梗-順風紫(切花)',4),(402159019005803,'洋桔梗-順風黃(切花)',4),(402159019005903,'洋桔梗-順風綠(切花)',4),(402159019006003,'洋桔梗-新喜香檳(切花)',4),(402159019006103,'洋桔梗-新喜彩粉(切花)',4),(402159019006203,'洋桔梗-舞曲白紫(切花)',4),(402159019006303,'洋桔梗-舞曲彩藍(切花)',4),(402159019006403,'洋桔梗-凜白(切花)',4),(402159019006503,'洋桔梗-禮儀彩藍(切花)',4),(402159019006603,'洋桔梗-雙瓣白(切花)',4),(402159019006653,'洋桔梗-雙瓣白(進口切花)',4),(402159019006703,'洋桔梗-雙瓣白紅邊(切花)',4),(402159019006753,'洋桔梗-雙瓣白紅邊(進口切花)',4),(402159019006803,'洋桔梗-雙瓣白粉邊(切花)',4),(402159019006853,'洋桔梗-雙瓣白粉邊(進口切花)',4),(402159019006903,'洋桔梗-雙瓣白紫邊(切花)',4),(402159019006953,'洋桔梗-雙瓣白紫邊(進口切花)',4),(402159019007003,'洋桔梗-雙瓣紅(切花)',4),(402159019007053,'洋桔梗-雙瓣紅(進口切花)',4),(402159019007103,'洋桔梗-雙瓣粉(切花)',4),(402159019007153,'洋桔梗-雙瓣粉(進口切花)',4),(402159019007203,'洋桔梗-雙瓣彩藍(切花)',4),(402159019007303,'洋桔梗-雙瓣紫(切花)',4),(402159019007353,'洋桔梗-雙瓣紫(進口切花)',4),(402159019007403,'洋桔梗-雙瓣黃(切花)',4),(402159019007453,'洋桔梗-雙瓣黃(進口切花)',4),(402159019007503,'洋桔梗-雙瓣綠(切花)',4),(402159019007553,'洋桔梗-雙瓣綠(進口切花)',4),(402159019007603,'洋桔梗-羅西娜白粉(切花)',4),(402159019007703,'洋桔梗-羅西娜彩藍(切花)',4),(402159019007803,'洋桔梗-鑽石白粉(切花)',4),(402159019999900,'洋桔梗-其他品種',4),(403000000000000,'木本花卉類',4),(403000999000000,'其他木本花卉',4),(403006017000000,'變葉木',4),(403006017000105,'變葉木-變色葉(切葉)',4),(403006017000155,'變葉木-變色葉(進口切葉)',4),(403006018000000,'羽毛花',4),(403006018000003,'羽毛花(切花)',4),(403006018000053,'羽毛花(進口切花)',4),(403006019000000,'聖誕紅',4),(403006019000103,'聖誕紅-聖誕玫瑰(切花)',4),(403009050000000,'山茶花',4),(403009050000005,'山茶花(切葉)',4),(403009050000055,'山茶花(進口切葉)',4),(403010038000000,'針墊花',4),(403010038000003,'針墊花(切花)',4),(403010038000053,'針墊花(進口切花)',4),(403010039000000,'海神花',4),(403010039000103,'海神花-帝王花(切花)',4),(403010039000153,'海神花-帝王花(進口切花)',4),(403010039000203,'海神花-非洲鬱金香(切花)',4),(403010039000253,'海神花-非洲鬱金香(進口切花)',4),(403010039999900,'海神花-其他品種',4),(403012002000000,'八角金盤',4),(403012002000005,'八角金盤(切葉)',4),(403012002000055,'八角金盤(進口切葉)',4),(403013005000000,'朱蕉',4),(403013005000005,'朱蕉(切葉)',4),(403013005000105,'朱蕉-紅竹(切葉)',4),(403013005000155,'朱蕉-紅竹(進口切葉)',4),(403013005000205,'朱蕉-花竹(切葉)',4),(403013005000255,'朱蕉-花竹(進口切葉)',4),(403013005000305,'朱蕉-白竹(切葉)',4),(403013005000355,'朱蕉-白竹(進口切葉)',4),(403013005000405,'朱蕉-彩竹葉(切葉)',4),(403013005000455,'朱蕉-彩竹葉(進口切葉)',4),(403013005999900,'朱蕉-其他品種',4),(403013006000000,'虎斑木',4),(403013006000005,'虎斑木(切葉)',4),(403013006000055,'虎斑木(進口切葉)',4),(403013007000000,'百合竹',4),(403013007000005,'百合竹(切葉)',4),(403013007000055,'百合竹(進口切葉)',4),(403013008000000,'青竹',4),(403013008000005,'青竹(切葉)',4),(403013008000055,'青竹(進口切葉)',4),(403013008000105,'青竹-黃金竹(切葉)',4),(403013008000155,'青竹-黃金竹(進口切葉)',4),(403013008000205,'青竹-蓮花竹(切葉)',4),(403013009000000,'星點木',4),(403013009000005,'星點木(切葉)',4),(403013009000055,'星點木(進口切葉)',4),(403013010000000,'五彩千年木',4),(403013010000005,'五彩千年木(切葉)',4),(403013010000055,'五彩千年木(進口切葉)',4),(403017030000000,'連翹',4),(403017030000005,'連翹(切葉)',4),(403017030000055,'連翹(進口切葉)',4),(403017031000000,'素馨',4),(403017031000005,'素馨(切葉)',4),(403017031000055,'素馨(進口切葉)',4),(403017032000000,'茉莉',4),(403017032000003,'茉莉(切花)',4),(403017032000053,'茉莉(進口切花)',4),(403017033000000,'女貞',4),(403017033000105,'女貞-斑葉女貞(切葉)',4),(403017033000155,'女貞-斑葉女貞(進口切葉)',4),(403018023000000,'玉蘭花',4),(403018023000003,'玉蘭花(切花)',4),(403018023000053,'玉蘭花(進口切花)',4),(403039001000000,'藍星花',4),(403039001000003,'藍星花(切花)',4),(403039001000053,'藍星花(進口切花)',4),(403043034000000,'牡丹',4),(403043034000003,'牡丹(切花)',4),(403043034000053,'牡丹(進口切花)',4),(403044020000000,'三角尤加利',4),(403044020000005,'三角尤加利(切葉)',4),(403044020000055,'三角尤加利(進口切葉)',4),(403044021000000,'金雀花',4),(403044021000005,'金雀花(切葉)',4),(403044021000055,'金雀花(進口切葉)',4),(403051037000000,'雪松',4),(403051037000005,'雪松(切葉)',4),(403051037000055,'雪松(進口切葉)',4),(403053047000000,'七里香',4),(403053047000005,'七里香(切葉)',4),(403053047000055,'七里香(進口切葉)',4),(403056022000000,'金絲桃',4),(403056022000105,'金絲桃-紅果(切葉)',4),(403056022000155,'金絲桃-紅果(進口切葉)',4),(403062012000000,'扁柏',4),(403062012000005,'扁柏(切葉)',4),(403062012000055,'扁柏(進口切葉)',4),(403062013000000,'柳杉',4),(403062013000005,'柳杉(切葉)',4),(403062013000105,'柳杉-石化柳(切葉)',4),(403062013000155,'柳杉-石化柳(進口切葉)',4),(403062014000000,'香冠柏',4),(403062014000005,'香冠柏(切葉)',4),(403062014000055,'香冠柏(進口切葉)',4),(403062015000000,'側柏',4),(403062015000005,'側柏(切葉)',4),(403062015000105,'側柏-黃金側柏(切葉)',4),(403062015000155,'側柏-黃金側柏(進口切葉)',4),(403079028000000,'蠟梅',4),(403079028000003,'蠟梅(切花)',4),(403079028000053,'蠟梅(進口切花)',4),(403079029000000,'尤加利',4),(403079029000005,'尤加利(切葉)',4),(403079029000055,'尤加利(進口切葉)',4),(403080027000000,'降天桑',4),(403080027000005,'降天桑(切葉)',4),(403085043000000,'寒丁子',4),(403085043000003,'寒丁子(切花)',4),(403085043000053,'寒丁子(進口切花)',4),(403085044000000,'梔子花',4),(403085044000004,'梔子花(非組合式盆花)',4),(403085044000005,'梔子花(切葉)',4),(403085045000000,'仙丹花',4),(403085045000003,'仙丹花(切花)',4),(403085045000053,'仙丹花(進口切花)',4),(403085046000000,'六月雪',4),(403085046000005,'六月雪(切葉)',4),(403085046000055,'六月雪(進口切葉)',4),(403106003000000,'黃椰子',4),(403106003000005,'黃椰子-黃椰心葉(切葉)',4),(403106003000055,'黃椰子-黃椰心葉(進口切葉)',4),(403106003000100,'黃椰子-黃椰心',4),(403106004000000,'觀音棕竹',4),(403106004000005,'觀音棕竹(切葉)',4),(403106004000055,'觀音棕竹(進口切葉)',4),(403108049000000,'木羊齒',4),(403108049000005,'木羊齒(切葉)',4),(403108049000055,'木羊齒(進口切葉)',4),(403125048000000,'柳',4),(403125048000008,'柳(觀賞)',4),(403125048000105,'柳-雲龍柳(切葉)',4),(403125048000155,'柳-雲龍柳(進口切葉)',4),(403125048000205,'柳-貓柳(切葉)',4),(403125048000255,'柳-貓柳(進口切葉)',4),(403125048000355,'柳-貓柳-大粒(進口切葉)',4),(403125048000405,'柳-赤牙柳(切葉)',4),(403125048000505,'柳-珍珠柳(切葉)',4),(403125048000605,'柳-米柳(切葉)',4),(403125048000655,'柳-米柳(進口切葉)',4),(403125048000705,'柳-石化米柳(切葉)',4),(403125048999900,'柳-其他品種',4),(403127026000000,'香樹蘭',4),(403127026000005,'香樹蘭(切葉)',4),(403127026000055,'香樹蘭(進口切葉)',4),(403149011000000,'征木',4),(403149011000005,'征木(切葉)',4),(403149011000055,'征木(進口切葉)',4),(403149011000105,'征木-小黃邊征木(切葉)',4),(403149011000205,'征木-白斑征木(切葉)',4),(403149011000255,'征木-白斑征木(進口切葉)',4),(403149011000305,'征木-黃征木(切葉)',4),(403149011000405,'征木-黃邊征木(切葉)',4),(403149011000455,'征木-黃邊征木(進口切葉)',4),(403149011000505,'征木-綠征木(切葉)',4),(403149011000555,'征木-綠征木(進口切葉)',4),(403149011999900,'征木-其他品種',4),(403155024000000,'黃秋葵',4),(403155024000005,'黃秋葵(切葉)',4),(403155024000055,'黃秋葵(進口切葉)',4),(403155025000000,'洛神葵',4),(403155025000005,'洛神葵(切葉)',4),(403155025000055,'洛神葵(進口切葉)',4),(403167040000000,'桃花',4),(403167040000005,'桃花(切葉)',4),(403167040000055,'桃花(進口切葉)',4),(403167041000000,'玫瑰',4),(403167041000003,'玫瑰(切花)',4),(403167041000053,'玫瑰(進口切花)',4),(403167041000103,'玫瑰-新熱情(切花)',4),(403167041000153,'玫瑰-新熱情(進口切花)',4),(403167041000203,'玫瑰-紫天王(切花)',4),(403167041000253,'玫瑰-紫天王(進口切花)',4),(403167041000303,'玫瑰-比浪卡(切花)',4),(403167041000353,'玫瑰-比浪卡(進口切花)',4),(403167041000403,'玫瑰-卡蜜拉(切花)',4),(403167041000453,'玫瑰-卡蜜拉(進口切花)',4),(403167041000503,'玫瑰-水精靈(切花)',4),(403167041000553,'玫瑰-水精靈(進口切花)',4),(403167041000603,'玫瑰-山中傳奇(切花)',4),(403167041000653,'玫瑰-山中傳奇(進口切花)',4),(403167041000703,'玫瑰-雙喜(切花)',4),(403167041000753,'玫瑰-雙喜(進口切花)',4),(403167041000803,'玫瑰-迷你粉(切花)',4),(403167041000853,'玫瑰-迷你粉(進口切花)',4),(403167041000903,'玫瑰-好事達(切花)',4),(403167041001003,'玫瑰-福爾摩沙(切花)',4),(403167041001103,'玫瑰-金色勳章(切花)',4),(403167041001153,'玫瑰-金色勳章(進口切花)',4),(403167041001203,'玫瑰-大雷射(切花)',4),(403167041001253,'玫瑰-大雷射(進口切花)',4),(403167041001303,'玫瑰-丹尼爾(切花)',4),(403167041001403,'玫瑰-丹薇粉(切花)',4),(403167041001453,'玫瑰-丹薇粉(進口切花)',4),(403167041001503,'玫瑰-天堂粉(切花)',4),(403167041001603,'玫瑰-太空粉(切花)',4),(403167041001653,'玫瑰-太空粉(進口切花)',4),(403167041001703,'玫瑰-火焰(切花)',4),(403167041001803,'玫瑰-牛奶妹(切花)',4),(403167041001853,'玫瑰-牛奶妹(進口切花)',4),(403167041001903,'玫瑰-牛紅１號(切花)',4),(403167041001953,'玫瑰-牛紅１號(進口切花)',4),(403167041002003,'玫瑰-牛紅２號(切花)',4),(403167041002053,'玫瑰-牛紅２號(進口切花)',4),(403167041002103,'玫瑰-牛紅３號(切花)',4),(403167041002153,'玫瑰-牛紅３號(進口切花)',4),(403167041002203,'玫瑰-以色列紅(切花)',4),(403167041002253,'玫瑰-以色列紅(進口切花)',4),(403167041002303,'玫瑰-以色列粉(切花)',4),(403167041002353,'玫瑰-以色列粉(進口切花)',4),(403167041002403,'玫瑰-卡門(切花)',4),(403167041002503,'玫瑰-古典美人(切花)',4),(403167041002603,'玫瑰-巨星(切花)',4),(403167041002653,'玫瑰-巨星(進口切花)',4),(403167041002703,'玫瑰-玉玲瓏(切花)',4),(403167041002803,'玫瑰-田納西(切花)',4),(403167041002853,'玫瑰-田納西(進口切花)',4),(403167041002903,'玫瑰-白(切花)',4),(403167041002953,'玫瑰-白(進口切花)',4),(403167041003003,'玫瑰-冰火(切花)',4),(403167041003103,'玫瑰-成功紅(切花)',4),(403167041003153,'玫瑰-成功紅(進口切花)',4),(403167041003203,'玫瑰-羽衣(切花)',4),(403167041003253,'玫瑰-羽衣(進口切花)',4),(403167041003303,'玫瑰-艾玲卡(切花)',4),(403167041003403,'玫瑰-艾曼達(切花)',4),(403167041003503,'玫瑰-吾愛(切花)',4),(403167041003603,'玫瑰-佳人(切花)',4),(403167041003653,'玫瑰-佳人(進口切花)',4),(403167041003703,'玫瑰-佳芳粉(切花)',4),(403167041003753,'玫瑰-佳芳粉(進口切花)',4),(403167041003803,'玫瑰-佳娜紅(切花)',4),(403167041003853,'玫瑰-佳娜紅(進口切花)',4),(403167041003903,'玫瑰-拉波拉橘粉(切花)',4),(403167041003953,'玫瑰-拉波拉橘粉(進口切花)',4),(403167041004003,'玫瑰-拉斐爾(切花)',4),(403167041004103,'玫瑰-東方之星(切花)',4),(403167041004203,'玫瑰-波霸(切花)',4),(403167041004253,'玫瑰-波霸(進口切花)',4),(403167041004303,'玫瑰-玫瑰紅佳人(切花)',4),(403167041004403,'玫瑰-芭卡洛黑紅(切花)',4),(403167041004453,'玫瑰-芭卡洛黑紅(進口切花)',4),(403167041004503,'玫瑰-青殼白(切花)',4),(403167041004553,'玫瑰-青殼白(進口切花)',4),(403167041004603,'玫瑰-珍愛你(切花)',4),(403167041004653,'玫瑰-珍愛你(進口切花)',4),(403167041004703,'玫瑰-皇冠(切花)',4),(403167041004803,'玫瑰-紅(切花)',4),(403167041004853,'玫瑰-紅(進口切花)',4),(403167041004903,'玫瑰-紅衣武士(切花)',4),(403167041004953,'玫瑰-紅衣武士(進口切花)',4),(403167041005003,'玫瑰-紅唇(切花)',4),(403167041005103,'玫瑰-紅粉佳人(切花)',4),(403167041005153,'玫瑰-紅粉佳人(進口切花)',4),(403167041005203,'玫瑰-紅粉情人(切花)',4),(403167041005303,'玫瑰-紅莎曼莎(切花)',4),(403167041005353,'玫瑰-紅莎曼莎(進口切花)',4),(403167041005403,'玫瑰-香水玫瑰(切花)',4),(403167041005503,'玫瑰-香妃(切花)',4),(403167041005603,'玫瑰-埔里之星(切花)',4),(403167041005703,'玫瑰-桃粉(切花)',4),(403167041005753,'玫瑰-桃粉(進口切花)',4),(403167041005803,'玫瑰-真心紫(切花)',4),(403167041005903,'玫瑰-粉(切花)',4),(403167041005953,'玫瑰-粉(進口切花)',4),(403167041006003,'玫瑰-粉紅珠(切花)',4),(403167041006103,'玫瑰-胭脂(切花)',4),(403167041006203,'玫瑰-茱莉亞(切花)',4),(403167041006303,'玫瑰-草屯白(切花)',4),(403167041006353,'玫瑰-草屯白(進口切花)',4),(403167041006403,'玫瑰-草屯粉１號(切花)',4),(403167041006453,'玫瑰-草屯粉１號(進口切花)',4),(403167041006503,'玫瑰-草屯粉２號(切花)',4),(403167041006553,'玫瑰-草屯粉２號(進口切花)',4),(403167041006603,'玫瑰-草屯紫(切花)',4),(403167041006653,'玫瑰-草屯紫(進口切花)',4),(403167041006703,'玫瑰-草屯黃(切花)',4),(403167041006803,'玫瑰-迷你白(切花)',4),(403167041006853,'玫瑰-迷你白(進口切花)',4),(403167041006903,'玫瑰-迷你紅(切花)',4),(403167041006953,'玫瑰-迷你紅(進口切花)',4),(403167041007003,'玫瑰-迷你紫(切花)',4),(403167041007053,'玫瑰-迷你紫(進口切花)',4),(403167041007103,'玫瑰-迷你黃(切花)',4),(403167041007153,'玫瑰-迷你黃(進口切花)',4),(403167041007203,'玫瑰-迷你橙(切花)',4),(403167041007253,'玫瑰-迷你橙(進口切花)',4),(403167041007303,'玫瑰-迷你雙色(切花)',4),(403167041007353,'玫瑰-迷你雙色(進口切花)',4),(403167041007403,'玫瑰-彩衣(切花)',4),(403167041007503,'玫瑰-彩鑽(切花)',4),(403167041007603,'玫瑰-甜心(切花)',4),(403167041007653,'玫瑰-甜心(進口切花)',4),(403167041007703,'玫瑰-第一紅(切花)',4),(403167041007753,'玫瑰-第一紅(進口切花)',4),(403167041007803,'玫瑰-荷蘭紅(切花)',4),(403167041007853,'玫瑰-荷蘭紅(進口切花)',4),(403167041007903,'玫瑰-雪之戀(切花)',4),(403167041008003,'玫瑰-喜樂香檳(切花)',4),(403167041008103,'玫瑰-媚力(切花)',4),(403167041008153,'玫瑰-媚力(進口切花)',4),(403167041008203,'玫瑰-富麗(切花)',4),(403167041008303,'玫瑰-斯波(切花)',4),(403167041008353,'玫瑰-斯波(進口切花)',4),(403167041008403,'玫瑰-無限的愛(切花)',4),(403167041008503,'玫瑰-紫(切花)',4),(403167041008553,'玫瑰-紫(進口切花)',4),(403167041008603,'玫瑰-紫天堂(切花)',4),(403167041008653,'玫瑰-紫天堂(進口切花)',4),(403167041008703,'玫瑰-紫夫人(切花)',4),(403167041008753,'玫瑰-紫夫人(進口切花)',4),(403167041008803,'玫瑰-紫愛你(切花)',4),(403167041008853,'玫瑰-紫愛你(進口切花)',4),(403167041008903,'玫瑰-紫精靈(切花)',4),(403167041008953,'玫瑰-紫精靈(進口切花)',4),(403167041009003,'玫瑰-絕代佳人(切花)',4),(403167041009053,'玫瑰-絕代佳人(進口切花)',4),(403167041009103,'玫瑰-雅麗(切花)',4),(403167041009203,'玫瑰-黃(切花)',4),(403167041009253,'玫瑰-黃(進口切花)',4),(403167041009303,'玫瑰-黃金(切花)',4),(403167041009403,'玫瑰-奧斯麥金黃(切花)',4),(403167041009453,'玫瑰-奧斯麥金黃(進口切花)',4),(403167041009503,'玫瑰-愛麗莎(切花)',4),(403167041009603,'玫瑰-新牛紅３號(切花)',4),(403167041009653,'玫瑰-新牛紅３號(進口切花)',4),(403167041009703,'玫瑰-新香檳粉(切花)',4),(403167041009753,'玫瑰-新香檳粉(進口切花)',4),(403167041009803,'玫瑰-新雪(切花)',4),(403167041009903,'玫瑰-新種黃(切花)',4),(403167041009953,'玫瑰-新種黃(進口切花)',4),(403167041010003,'玫瑰-新橙色(切花)',4),(403167041010103,'玫瑰-新櫻紅(切花)',4),(403167041010203,'玫瑰-新鐵達尼(切花)',4),(403167041010253,'玫瑰-新鐵達尼(進口切花)',4),(403167041010303,'玫瑰-萬年紅(切花)',4),(403167041010403,'玫瑰-雷射(切花)',4),(403167041010453,'玫瑰-雷射(進口切花)',4),(403167041010503,'玫瑰-嘉卡蘭達紫紅(切花)',4),(403167041010553,'玫瑰-嘉卡蘭達紫紅(進口切花)',4),(403167041010603,'玫瑰-漂亮寶貝(切花)',4),(403167041010703,'玫瑰-綠(切花)',4),(403167041010753,'玫瑰-綠(進口切花)',4),(403167041010803,'玫瑰-綠鑽(切花)',4),(403167041010853,'玫瑰-綠鑽(進口切花)',4),(403167041010903,'玫瑰-維納斯(切花)',4),(403167041011003,'玫瑰-翡冷翠(切花)',4),(403167041011103,'玫瑰-翡翠白(切花)',4),(403167041011153,'玫瑰-翡翠白(進口切花)',4),(403167041011203,'玫瑰-翡翠佳人(切花)',4),(403167041011303,'玫瑰-翡翠珍珠(切花)',4),(403167041011403,'玫瑰-翡翠紅(切花)',4),(403167041011453,'玫瑰-翡翠紅(進口切花)',4),(403167041011503,'玫瑰-翡翠香檳(切花)',4),(403167041011553,'玫瑰-翡翠香檳(進口切花)',4),(403167041011603,'玫瑰-翡翠粉(切花)',4),(403167041011653,'玫瑰-翡翠粉(進口切花)',4),(403167041011703,'玫瑰-翡翠甜心(切花)',4),(403167041011803,'玫瑰-翡翠紫(切花)',4),(403167041011903,'玫瑰-翡翠魅力粉(切花)',4),(403167041012003,'玫瑰-熱情(切花)',4),(403167041012053,'玫瑰-熱情(進口切花)',4),(403167041012103,'玫瑰-橙(切花)',4),(403167041012153,'玫瑰-橙(進口切花)',4),(403167041012203,'玫瑰-橙粉(切花)',4),(403167041012253,'玫瑰-橙粉(進口切花)',4),(403167041012303,'玫瑰-諾貝斯(切花)',4),(403167041012353,'玫瑰-諾貝斯(進口切花)',4),(403167041012403,'玫瑰-薄粉(切花)',4),(403167041012453,'玫瑰-薄粉(進口切花)',4),(403167041012503,'玫瑰-薇瓦蒂粉(切花)',4),(403167041012553,'玫瑰-薇瓦蒂粉(進口切花)',4),(403167041012603,'玫瑰-黛安娜紅(切花)',4),(403167041012703,'玫瑰-黛安娜粉(切花)',4),(403167041012753,'玫瑰-黛安娜粉(進口切花)',4),(403167041012803,'玫瑰-雙色(切花)',4),(403167041012853,'玫瑰-雙色(進口切花)',4),(403167041012903,'玫瑰-雙豔(切花)',4),(403167041012953,'玫瑰-雙豔(進口切花)',4),(403167041013003,'玫瑰-寶貝粉(切花)',4),(403167041013103,'玫瑰-蘇菲亞(切花)',4),(403167041013153,'玫瑰-蘇菲亞(進口切花)',4),(403167041013203,'玫瑰-蘋果綠(切花)',4),(403167041013253,'玫瑰-蘋果綠(進口切花)',4),(403167041013303,'玫瑰-櫻紅(切花)',4),(403167041013353,'玫瑰-櫻紅(進口切花)',4),(403167041013403,'玫瑰-鐵達尼(切花)',4),(403167041013453,'玫瑰-鐵達尼(進口切花)',4),(403167041013503,'玫瑰-鑽石黃(切花)',4),(403167041999900,'玫瑰-其他品種',4),(403167042000000,'麻葉繡球',4),(403167042000005,'麻葉繡球(切葉)',4),(403167042000055,'麻葉繡球(進口切葉)',4),(403178016000000,'蘇鐵',4),(403178016000105,'蘇鐵-臺灣蘇鐵(切葉)',4),(403178016000155,'蘇鐵-臺灣蘇鐵(進口切葉)',4),(403182035000100,'林投',4),(403182035000104,'林投(非組合式盆花)',4),(403182035000205,'林投-小林投葉(切葉)',4),(403182035000255,'林投-小林投葉(進口切葉)',4),(403182036000000,'新西蘭',4),(403182036000005,'新西蘭(切葉)',4),(403182036000055,'新西蘭(進口切葉)',4),(403182036000100,'新西蘭株',4),(403182036000150,'新西蘭株(進口)',4),(404000000000000,'多年生草本類',4),(404000999000000,'其他多年生草本',4),(404001072000000,'繡球花',4),(404001072000003,'繡球花(切花)',4),(404001072000053,'繡球花(進口切花)',4),(404001072000103,'繡球花-粉(切花)',4),(404001072000203,'繡球花-白(切花)',4),(404001072000303,'繡球花-水藍(切花)',4),(404001072000403,'繡球花-藍(切花)',4),(404001072999900,'繡球花-其他品種',4),(404006065000000,'初雪草',4),(404006065000003,'初雪草(切花)',4),(404006065000053,'初雪草(進口切花)',4),(404006066000000,'八卦草',4),(404006066000003,'八卦草(切花)',4),(404006067000000,'金翠花',4),(404006067000003,'金翠花(切花)',4),(404006067000053,'金翠花(進口切花)',4),(404012020000000,'翠珠花',4),(404012020000003,'翠珠花(切花)',4),(404012020000053,'翠珠花(進口切花)',4),(404013021000000,'夜來香',4),(404013021000003,'夜來香(切花)',4),(404013021000103,'夜來香-單瓣(切花)',4),(404013021000153,'夜來香-單瓣(進口切花)',4),(404013021000203,'夜來香-重瓣(切花)',4),(404013021000253,'夜來香-重瓣(進口切花)',4),(404013021999900,'夜來香-其他品種',4),(404013022000000,'武竹',4),(404013022000005,'武竹(切葉)',4),(404013022000055,'武竹(進口切葉)',4),(404013022000105,'武竹-狐尾(切葉)',4),(404013022000155,'武竹-狐尾(進口切葉)',4),(404013022000205,'武竹-壽松(切葉)',4),(404013022000255,'武竹-壽松(進口切葉)',4),(404013022999900,'武竹-其他品種',4),(404013023000000,'蘆筍草',4),(404013023000005,'蘆筍草(切葉)',4),(404013023000055,'蘆筍草(進口切葉)',4),(404013024000000,'文竹',4),(404013024000005,'文竹(切葉)',4),(404013024000055,'文竹(進口切葉)',4),(404013024000105,'文竹-新文竹(切葉)',4),(404013024000155,'文竹-新文竹(進口切葉)',4),(404013024999900,'文竹-其他品種',4),(404013025000000,'葉蘭',4),(404013025000005,'葉蘭(切葉)',4),(404013025000055,'葉蘭(進口切葉)',4),(404013025000105,'葉蘭-富士斑葉(切葉)',4),(404013025000205,'葉蘭-斑葉(切葉)',4),(404013025000305,'葉蘭-條紋(切葉)',4),(404013025999900,'葉蘭-其他品種',4),(404013026000000,'吊蘭',4),(404013026000005,'吊蘭(切葉)',4),(404013026000055,'吊蘭(進口切葉)',4),(404013027000000,'風信子',4),(404013027000003,'風信子(切花)',4),(404013027000053,'風信子(進口切花)',4),(404013028000000,'麥門冬',4),(404013028000005,'麥門冬(切葉)',4),(404013028000105,'麥門冬-斑葉(切葉)',4),(404013028000155,'麥門冬-斑葉(進口切葉)',4),(404013028999900,'麥門冬-其他品種',4),(404013029000000,'伯利恆之星',4),(404013029000003,'伯利恆之星(切花)',4),(404013029000053,'伯利恆之星(進口切花)',4),(404013030000000,'天鵝絨',4),(404013030000003,'天鵝絨(切花)',4),(404013030000053,'天鵝絨(進口切花)',4),(404013031000000,'鳴子百合',4),(404013031000003,'鳴子百合(切花)',4),(404013031000053,'鳴子百合(進口切花)',4),(404013032000000,'假葉樹',4),(404013032000005,'假葉樹(切葉)',4),(404013032000055,'假葉樹(進口切葉)',4),(404014014000000,'觀音蓮',4),(404014014000004,'觀音蓮(非組合式盆花)',4),(404014014000105,'觀音蓮-龜背(切葉)',4),(404014014000155,'觀音蓮-龜背(進口切葉)',4),(404014015000000,'火鶴',4),(404014015000003,'火鶴(切花)',4),(404014015000004,'火鶴(非組合式盆花)',4),(404014015000005,'火鶴(切葉)',4),(404014015000053,'火鶴(進口切花)',4),(404014015000055,'火鶴(進口切葉)',4),(404014015000103,'火鶴-千里達(切花)',4),(404014015000203,'火鶴-大地(切花)',4),(404014015000303,'火鶴-女神(切花)',4),(404014015000403,'火鶴-小耳朵(切花)',4),(404014015000503,'火鶴-小紅莓(切花)',4),(404014015000603,'火鶴-太極(切花)',4),(404014015000703,'火鶴-王妃(切花)',4),(404014015000803,'火鶴-丘比特(切花)',4),(404014015000903,'火鶴-辛巴(切花)',4),(404014015001003,'火鶴-咖啡條紋(切花)',4),(404014015001103,'火鶴-女王(切花)',4),(404014015001203,'火鶴-小耳朵(切花)',4),(404014015001253,'火鶴-小耳朵(進口切花)',4),(404014015001303,'火鶴-月光(切花)',4),(404014015001403,'火鶴-花仙子(切花)',4),(404014015001503,'火鶴-巧克(切花)',4),(404014015001603,'火鶴-白色(切花)',4),(404014015001653,'火鶴-白色(進口切花)',4),(404014015001703,'火鶴-白青心(切花)',4),(404014015001753,'火鶴-白青心(進口切花)',4),(404014015001803,'火鶴-白紅心(切花)',4),(404014015001853,'火鶴-白紅心(進口切花)',4),(404014015001903,'火鶴-白黃心(切花)',4),(404014015001953,'火鶴-白黃心(進口切花)',4),(404014015002003,'火鶴-白綠邊(切花)',4),(404014015002053,'火鶴-白綠邊(進口切花)',4),(404014015002103,'火鶴-吉祥(切花)',4),(404014015002203,'火鶴-朱比特(切花)',4),(404014015002303,'火鶴-百香粉(切花)',4),(404014015002403,'火鶴-咖啡紅(切花)',4),(404014015002503,'火鶴-奇蹟(切花)',4),(404014015002603,'火鶴-朋友(切花)',4),(404014015002703,'火鶴-花紫(切花)',4),(404014015002853,'火鶴-金龍(進口切花)',4),(404014015002953,'火鶴-青龍(進口切花)',4),(404014015003003,'火鶴-珊娜塔(切花)',4),(404014015003103,'火鶴-珊瑚粉(切花)',4),(404014015003153,'火鶴-珊瑚粉(進口切花)',4),(404014015003203,'火鶴-紅色(切花)',4),(404014015003253,'火鶴-紅色(進口切花)',4),(404014015003303,'火鶴-紅青心(切花)',4),(404014015003353,'火鶴-紅青心(進口切花)',4),(404014015003403,'火鶴-紅紅心(切花)',4),(404014015003453,'火鶴-紅紅心(進口切花)',4),(404014015003503,'火鶴-紅黃心(切花)',4),(404014015003553,'火鶴-紅黃心(進口切花)',4),(404014015003603,'火鶴-紅綠邊(切花)',4),(404014015003653,'火鶴-紅綠邊(進口切花)',4),(404014015003753,'火鶴-夏粉(進口切花)',4),(404014015003803,'火鶴-桔綠邊(切花)',4),(404014015003903,'火鶴-粉公主(切花)',4),(404014015003953,'火鶴-粉公主(進口切花)',4),(404014015004003,'火鶴-粉色(切花)',4),(404014015004053,'火鶴-粉色(進口切花)',4),(404014015004153,'火鶴-粉佳人(進口切花)',4),(404014015004253,'火鶴-粉新娘(進口切花)',4),(404014015004303,'火鶴-粉綠邊(切花)',4),(404014015004353,'火鶴-粉綠邊(進口切花)',4),(404014015004403,'火鶴-彩虹(切花)',4),(404014015004503,'火鶴-情人(切花)',4),(404014015004603,'火鶴-第一紅(切花)',4),(404014015004703,'火鶴-荷粉(切花)',4),(404014015004753,'火鶴-荷粉(進口切花)',4),(404014015004803,'火鶴-雪碧粉(切花)',4),(404014015004903,'火鶴-凱撒(切花)',4),(404014015005003,'火鶴-森林(切花)',4),(404014015005103,'火鶴-超音速(切花)',4),(404014015005203,'火鶴-黃瑪莉(切花)',4),(404014015005303,'火鶴-愛麗絲(切花)',4),(404014015005453,'火鶴-夢幻(進口切花)',4),(404014015005553,'火鶴-綠紅心(進口切花)',4),(404014015005653,'火鶴-翠綠(進口切花)',4),(404014015005703,'火鶴-蜜糖佳人(切花)',4),(404014015005803,'火鶴-橙色(切花)',4),(404014015005853,'火鶴-橙色(進口切花)',4),(404014015005953,'火鶴-羅莎(進口切花)',4),(404014015006003,'火鶴-戀愛(切花)',4),(404014015006103,'火鶴-青龍(切花)',4),(404014015006203,'火鶴-香檳(切花)',4),(404014015006303,'火鶴-夏粉(切花)',4),(404014015006403,'火鶴-粉佳人(切花)',4),(404014015006503,'火鶴-粉新娘(切花)',4),(404014015006603,'火鶴-閃耀金星(金龍)(切花)',4),(404014015006703,'火鶴-黑珍珠(切花)',4),(404014015006803,'火鶴-黑美人(切花)',4),(404014015006905,'火鶴-圓葉(切葉)',4),(404014015006955,'火鶴-圓葉(進口切葉)',4),(404014015007003,'火鶴-雷夢娜(切花)',4),(404014015007103,'火鶴-嘉年華(切花)',4),(404014015007203,'火鶴-夢幻(切花)',4),(404014015007303,'火鶴-綠姑娘(切花)',4),(404014015007403,'火鶴-綠紅心(切花)',4),(404014015007503,'火鶴-綠精靈(切花)',4),(404014015007603,'火鶴-綠寶石(切花)',4),(404014015007703,'火鶴-翠綠(切花)',4),(404014015007803,'火鶴-總統(切花)',4),(404014015007903,'火鶴-羅莎(切花)',4),(404014015008003,'火鶴-蘋果綠(切花)',4),(404014015008103,'火鶴-月亮女神(切花)',4),(404014015008203,'火鶴-丘比特(切花)',4),(404014015008253,'火鶴-丘比特(進口切花)',4),(404014015999900,'火鶴-其他品種',4),(404014016000000,'黛粉葉',4),(404014016000004,'黛粉葉(非組合式盆花)',4),(404014016000105,'黛粉葉-白玉葉片(切葉)',4),(404014016000155,'黛粉葉-白玉葉片(進口切葉)',4),(404014017000000,'白鶴芋',4),(404014017000003,'白鶴芋(切花)',4),(404014017000053,'白鶴芋(進口切花)',4),(404014018000000,'合果芋',4),(404014018000004,'合果芋(非組合式盆花)',4),(404014018000005,'合果芋葉(切葉)',4),(404014018000055,'合果芋葉(進口切葉)',4),(404014019000000,'海芋',4),(404014019000004,'海芋(非組合式盆花)',4),(404014019000103,'海芋-白(切花)',4),(404014019000153,'海芋-白(進口切花)',4),(404014019000203,'海芋-乳白(切花)',4),(404014019000253,'海芋-乳白(進口切花)',4),(404014019000303,'海芋-紅(切花)',4),(404014019000353,'海芋-紅(進口切花)',4),(404014019000403,'海芋-粉(切花)',4),(404014019000453,'海芋-粉(進口切花)',4),(404014019000503,'海芋-紫(切花)',4),(404014019000553,'海芋-紫(進口切花)',4),(404014019000603,'海芋-黃(切花)',4),(404014019000653,'海芋-黃(進口切花)',4),(404014019000703,'海芋-綠(切花)',4),(404014019000753,'海芋-綠(進口切花)',4),(404014019000803,'海芋-橙(切花)',4),(404014019000853,'海芋-橙(進口切花)',4),(404014019000905,'海芋-彩色海芋葉(切葉)',4),(404014019000955,'海芋-彩色海芋葉(進口切葉)',4),(404014019999900,'海芋-其他品種',4),(404019091000000,'白頭翁',4),(404019091000003,'白頭翁(切花)',4),(404019091000053,'白頭翁(進口切花)',4),(404019092000000,'夢幻草',4),(404019092000003,'夢幻草(切花)',4),(404019092000053,'夢幻草(進口切花)',4),(404019093000000,'飛燕草',4),(404019093000003,'飛燕草(切花)',4),(404019093000103,'飛燕草-千鳥草(切花)',4),(404019093000153,'飛燕草-千鳥草(進口切花)',4),(404019093000203,'飛燕草-大飛燕草(切花)',4),(404019093000253,'飛燕草-大飛燕草 (進口切花)',4),(404019093000303,'飛燕草-小飛燕草(切花)',4),(404019093000353,'飛燕草-小飛燕草(進口切花)',4),(404019093999900,'飛燕草-其他品種',4),(404019094000000,'陸蓮花',4),(404019094000003,'陸蓮花(切花)',4),(404019094000053,'陸蓮花(進口切花)',4),(404019094000103,'陸蓮花-白(切花)',4),(404019094000203,'陸蓮花-紅(切花)',4),(404019094000303,'陸蓮花-粉(切花)',4),(404019094000403,'陸蓮花-黃(切花)',4),(404019094999900,'陸蓮花-其他品種',4),(404024096000000,'金魚草',4),(404024096000003,'金魚草(切花)',4),(404024096000103,'金魚草-白色(切花)',4),(404024096000153,'金魚草-白色(進口切花)',4),(404024096000203,'金魚草-紅色(切花)',4),(404024096000253,'金魚草-紅色(進口切花)',4),(404024096000303,'金魚草-粉色(切花)',4),(404024096000353,'金魚草-粉色(進口切花)',4),(404024096000403,'金魚草-黃色(切花)',4),(404024096000453,'金魚草-黃色(進口切花)',4),(404024096000503,'金魚草-雙色(切花)',4),(404024096000553,'金魚草-雙色(進口切花)',4),(404024096999900,'金魚草-其他品種',4),(404027057000000,'康乃馨',4),(404027057000003,'康乃馨(切花)',4),(404027057000103,'康乃馨-美女撫子(切花)',4),(404027057000153,'康乃馨-美女撫子(進口切花)',4),(404027057000203,'康乃馨-波列羅(切花)',4),(404027057000303,'康乃馨-小可愛-粉(切花)',4),(404027057000353,'康乃馨-小可愛-粉(進口切花)',4),(404027057000403,'康乃馨-輕吻(切花)',4),(404027057000503,'康乃馨-拿鐵(切花)',4),(404027057000603,'康乃馨-美莉莎(切花)',4),(404027057000703,'康乃馨-波斯-桃紅(切花)',4),(404027057000803,'康乃馨-史波特(切花)',4),(404027057000903,'康乃馨-小可愛-白(切花)',4),(404027057000953,'康乃馨-小可愛-白(進口切花)',4),(404027057001003,'康乃馨-小可愛-紅(切花)',4),(404027057001053,'康乃馨-小可愛-紅(進口切花)',4),(404027057001103,'康乃馨-小可愛-紫(切花)',4),(404027057001153,'康乃馨-小可愛-紫(進口切花)',4),(404027057001203,'康乃馨-小可愛-黃(切花)',4),(404027057001253,'康乃馨-小可愛-黃(進口切花)',4),(404027057001303,'康乃馨-小可愛-橙(切花)',4),(404027057001353,'康乃馨-小可愛-橙(進口切花)',4),(404027057001453,'康乃馨-中大輪(進口切花)',4),(404027057001503,'康乃馨-天鵝粉(切花)',4),(404027057001603,'康乃馨-牛奶白(切花)',4),(404027057001653,'康乃馨-牛奶白(進口切花)',4),(404027057001703,'康乃馨-仙女紫(切花)',4),(404027057001803,'康乃馨-史波特(切花)',4),(404027057001853,'康乃馨-史波特(進口切花)',4),(404027057001903,'康乃馨-白(切花)',4),(404027057001953,'康乃馨-白(進口切花)',4),(404027057002003,'康乃馨-白水晶(切花)',4),(404027057002103,'康乃馨-白帶紅(切花)',4),(404027057002153,'康乃馨-白帶紅(進口切花)',4),(404027057002203,'康乃馨-白帶紫(切花)',4),(404027057002253,'康乃馨-白帶紫(進口切花)',4),(404027057002303,'康乃馨-白鐵時諾(切花)',4),(404027057002403,'康乃馨-多朵白(切花)',4),(404027057002453,'康乃馨-多朵白(進口切花)',4),(404027057002503,'康乃馨-多朵白帶紅(切花)',4),(404027057002553,'康乃馨-多朵白帶紅(進口切花)',4),(404027057002603,'康乃馨-多朵白帶紫(切花)',4),(404027057002653,'康乃馨-多朵白帶紫(進口切花)',4),(404027057002703,'康乃馨-多朵紅(切花)',4),(404027057002753,'康乃馨-多朵紅(進口切花)',4),(404027057002803,'康乃馨-多朵紅帶白(切花)',4),(404027057002853,'康乃馨-多朵紅帶白(進口切花)',4),(404027057002903,'康乃馨-多朵紅帶粉(切花)',4),(404027057002953,'康乃馨-多朵紅帶粉(進口切花)',4),(404027057003003,'康乃馨-多朵粉(切花)',4),(404027057003053,'康乃馨-多朵粉(進口切花)',4),(404027057003103,'康乃馨-多朵淺粉(切花)',4),(404027057003153,'康乃馨-多朵淺粉(進口切花)',4),(404027057003203,'康乃馨-多朵紫(切花)',4),(404027057003253,'康乃馨-多朵紫(進口切花)',4),(404027057003303,'康乃馨-多朵黃(切花)',4),(404027057003353,'康乃馨-多朵黃(進口切花)',4),(404027057003403,'康乃馨-多朵黃帶紅(切花)',4),(404027057003453,'康乃馨-多朵黃帶紅(進口切花)',4),(404027057003503,'康乃馨-多朵黃帶紫(切花)',4),(404027057003553,'康乃馨-多朵黃帶紫(進口切花)',4),(404027057003603,'康乃馨-多朵橙(切花)',4),(404027057003653,'康乃馨-多朵橙(進口切花)',4),(404027057003703,'康乃馨-多朵橙帶紅(切花)',4),(404027057003753,'康乃馨-多朵橙帶紅(進口切花)',4),(404027057003803,'康乃馨-多朵櫻紅(切花)',4),(404027057003853,'康乃馨-多朵櫻紅(進口切花)',4),(404027057003903,'康乃馨-妮娜(切花)',4),(404027057004003,'康乃馨-紅(切花)',4),(404027057004053,'康乃馨-紅(進口切花)',4),(404027057004103,'康乃馨-紅羽毛(切花)',4),(404027057004153,'康乃馨-紅羽毛(進口切花)',4),(404027057004203,'康乃馨-粉(切花)',4),(404027057004253,'康乃馨-粉(進口切花)',4),(404027057004303,'康乃馨-粉羽毛(切花)',4),(404027057004353,'康乃馨-粉羽毛(進口切花)',4),(404027057004453,'康乃馨-粉帶白(進口切花)',4),(404027057004503,'康乃馨-粉帶紅(切花)',4),(404027057004553,'康乃馨-粉帶紅(進口切花)',4),(404027057004603,'康乃馨-粉帶紫(切花)',4),(404027057004653,'康乃馨-粉帶紫(進口切花)',4),(404027057004703,'康乃馨-深紅(切花)',4),(404027057004753,'康乃馨-深紅(進口切花)',4),(404027057004803,'康乃馨-深粉(切花)',4),(404027057004853,'康乃馨-深粉(進口切花)',4),(404027057004903,'康乃馨-深黃(切花)',4),(404027057004953,'康乃馨-深黃(進口切花)',4),(404027057005003,'康乃馨-淺粉(切花)',4),(404027057005053,'康乃馨-淺粉(進口切花)',4),(404027057005103,'康乃馨-淺黃(切花)',4),(404027057005153,'康乃馨-淺黃(進口切花)',4),(404027057005203,'康乃馨-清白(切花)',4),(404027057005253,'康乃馨-清白(進口切花)',4),(404027057005303,'康乃馨-清紅(切花)',4),(404027057005353,'康乃馨-清紅(進口切花)',4),(404027057005403,'康乃馨-紫(切花)',4),(404027057005453,'康乃馨-紫(進口切花)',4),(404027057005503,'康乃馨-紫帶白(切花)',4),(404027057005603,'康乃馨-黃(切花)',4),(404027057005653,'康乃馨-黃(進口切花)',4),(404027057005703,'康乃馨-黃羽毛(切花)',4),(404027057005753,'康乃馨-黃羽毛(進口切花)',4),(404027057005803,'康乃馨-黃帶紅(切花)',4),(404027057005853,'康乃馨-黃帶紅(進口切花)',4),(404027057005903,'康乃馨-黃帶紫(切花)',4),(404027057005953,'康乃馨-黃帶紫(進口切花)',4),(404027057006003,'康乃馨-滿意(切花)',4),(404027057006053,'康乃馨-滿意(進口切花)',4),(404027057006103,'康乃馨-綠(切花)',4),(404027057006153,'康乃馨-綠(進口切花)',4),(404027057006203,'康乃馨-橙(切花)',4),(404027057006253,'康乃馨-橙(進口切花)',4),(404027057006303,'康乃馨-橙羽毛(切花)',4),(404027057006353,'康乃馨-橙羽毛(進口切花)',4),(404027057006403,'康乃馨-橙紅(切花)',4),(404027057006453,'康乃馨-橙紅(進口切花)',4),(404027057006503,'康乃馨-橙黃(切花)',4),(404027057006553,'康乃馨-橙黃(進口切花)',4),(404027057006603,'康乃馨-薄粉(切花)',4),(404027057006653,'康乃馨-薄粉(進口切花)',4),(404027057006703,'康乃馨-繡球撫子-白(切花)',4),(404027057006803,'康乃馨-繡球撫子-紅(切花)',4),(404027057006903,'康乃馨-繡球撫子-粉(切花)',4),(404027057007003,'康乃馨-繡球撫子-紫(切花)',4),(404027057007103,'康乃馨-繡球撫子-紫白(切花)',4),(404027057007203,'康乃馨-繡球撫子-紫紅(切花)',4),(404027057007303,'康乃馨-繡球撫子-綠石竹(切花)',4),(404027057007403,'康乃馨-繡球撫子-雙色(切花)',4),(404027057007503,'康乃馨-雙色金紅(切花)',4),(404027057007553,'康乃馨-雙色金紅(進口切花)',4),(404027057007603,'康乃馨-蘋果綠(切花)',4),(404027057007703,'康乃馨-櫻紅(切花)',4),(404027057007753,'康乃馨-櫻紅(進口切花)',4),(404027057999900,'康乃馨-其他品種',4),(404027058000000,'深山櫻',4),(404027058000003,'深山櫻(切花)',4),(404027058000053,'深山櫻(進口切花)',4),(404027058000103,'深山櫻-紫霧(切花)',4),(404027059000000,'滿天星',4),(404027059000003,'滿天星(切花)',4),(404027059000053,'滿天星(進口切花)',4),(404027059000103,'滿天星-Million(切花)',4),(404027059000203,'滿天星-以色列(切花)',4),(404027059000253,'滿天星-以色列(進口切花)',4),(404027059000303,'滿天星-白(切花)',4),(404027059000353,'滿天星-白(進口切花)',4),(404027059000403,'滿天星-星光(切花)',4),(404027059000503,'滿天星-紅(切花)',4),(404027059000553,'滿天星-紅(進口切花)',4),(404027059000603,'滿天星-粉(切花)',4),(404027059000703,'滿天星-粉仙子(切花)',4),(404027059000803,'滿天星-牽牛星(切花)',4),(404027059000903,'滿天星-雪子(切花)',4),(404027059000953,'滿天星-雪子(進口切花)',4),(404027059001003,'滿天星-雪后(切花)',4),(404027059001103,'滿天星-銀河(切花)',4),(404027059999900,'滿天星-其他品種',4),(404029003000000,'君子蘭',4),(404029003000003,'君子蘭(切花)',4),(404029003000053,'君子蘭(進口切花)',4),(404029004000000,'石蒜',4),(404029004000103,'石蒜-金花(切花)',4),(404029004000153,'石蒜-金花(進口切花)',4),(404029004000203,'石蒜-紅花(切花)',4),(404029004000253,'石蒜-紅花(進口切花)',4),(404029004000303,'石蒜-粉花(切花)',4),(404029004000353,'石蒜-粉花(進口切花)',4),(404029004999900,'石蒜-其他品種',4),(404029005000000,'水仙',4),(404029005000003,'水仙(切花)',4),(404029005000053,'水仙(進口切花)',4),(404029006000000,'百子蓮',4),(404029006000003,'百子蓮(切花)',4),(404029006000103,'百子蓮-大白(切花)',4),(404029006000203,'百子蓮-大紫(切花)',4),(404029006000253,'百子蓮-大紫(進口切花)',4),(404029006000353,'百子蓮-愛情(進口切花)',4),(404029006999900,'百子蓮-其他品種',4),(404029007000000,'繡球蔥',4),(404029007000003,'繡球蔥(切花)',4),(404029007000053,'繡球蔥(進口切花)',4),(404029008000000,'文殊蘭',4),(404029008000003,'文殊蘭(切花)',4),(404029008000053,'文殊蘭(進口切花)',4),(404029009000000,'孤挺花',4),(404029009000003,'孤挺花(切花)',4),(404029009000053,'孤挺花(進口切花)',4),(404029009000103,'孤挺花-桃樂西孤挺花(切花)',4),(404029009000153,'孤挺花-桃樂西孤挺花(進口切花)',4),(404029009999900,'孤挺花-其他品種',4),(404029010000000,'火球花',4),(404029010000003,'火球花(切花)',4),(404029010000053,'火球花(進口切花)',4),(404029011000000,'紫嬌花',4),(404029011000003,'紫嬌花(切花)',4),(404029011000053,'紫嬌花(進口切花)',4),(404030089000000,'香茅',4),(404030089000005,'香茅(切葉)',4),(404030090000000,'銀蘆',4),(404030090000003,'銀蘆(切花)',4),(404034002000000,'水仙百合',4),(404034002000103,'水仙百合-白(切花)',4),(404034002000153,'水仙百合-白(進口切花)',4),(404034002000203,'水仙百合-白帶紅(切花)',4),(404034002000253,'水仙百合-白帶紅(進口切花)',4),(404034002000303,'水仙百合-紅(切花)',4),(404034002000353,'水仙百合-紅(進口切花)',4),(404034002000403,'水仙百合-粉(切花)',4),(404034002000453,'水仙百合-粉(進口切花)',4),(404034002000503,'水仙百合-紫(切花)',4),(404034002000553,'水仙百合-紫(進口切花)',4),(404034002000603,'水仙百合-紫紅(切花)',4),(404034002000653,'水仙百合-紫紅(進口切花)',4),(404034002000703,'水仙百合-黃(切花)',4),(404034002000753,'水仙百合-黃(進口切花)',4),(404034002000803,'水仙百合-橙(切花)',4),(404034002000853,'水仙百合-橙(進口切花)',4),(404034002000903,'水仙百合-雙色(切花)',4),(404034002000953,'水仙百合-雙色(進口切花)',4),(404034002999900,'水仙百合-其他品種',4),(404035079000000,'百合',4),(404035079000003,'百合(切花)',4),(404035079000103,'百合-巴卡蒂(切花)',4),(404035079000203,'百合-水晶香水(切花)',4),(404035079000303,'百合-布萊斯卡(切花)',4),(404035079000403,'百合-皮克(切花)',4),(404035079000503,'百合-希拉(切花)',4),(404035079000553,'百合-希拉(進口切花)',4),(404035079000603,'百合-威廉亞伯蒂(切花)',4),(404035079000703,'百合-柯柏拉(切花)',4),(404035079000803,'百合-珊卓(切花)',4),(404035079000903,'百合-格雷西亞(切花)',4),(404035079001003,'百合-特里昂菲特(切花)',4),(404035079001103,'百合-馬利歐(切花)',4),(404035079001203,'百合-塔拉果(切花)',4),(404035079001303,'百合-蒙特祖瑪(切花)',4),(404035079001403,'百合-薇薇安娜(切花)',4),(404035079001503,'百合-羅迪納(切花)',4),(404035079001603,'百合-贊布拉星(切花)',4),(404035079001703,'LA百合-木瓜黃(切花)',4),(404035079001803,'LA百合-白(切花)',4),(404035079001903,'LA百合-皇家五號(切花)',4),(404035079001953,'LA百合-皇家五號(進口切花)',4),(404035079002003,'LA百合-紅(切花)',4),(404035079002103,'LA百合-粉(切花)',4),(404035079002203,'LA百合-黃(切花)',4),(404035079002303,'LA百合-橙(切花)',4),(404035079002403,'LO百合-王后粉(切花)',4),(404035079002503,'OT百合-大連(切花)',4),(404035079002603,'OT百合-巴露塔(切花)',4),(404035079002703,'OT百合-多娜托(切花)',4),(404035079002803,'OT百合-依多夏(切花)',4),(404035079002903,'OT百合-帕雷諾(切花)',4),(404035079003003,'OT百合-柏尼特(切花)',4),(404035079003103,'OT百合-曼尼薩(切花)',4),(404035079003203,'OT百合-黃金艾曼達(切花)',4),(404035079003303,'OT百合-黃金城市(切花)',4),(404035079003403,'OT百合-黃金香水(切花)',4),(404035079003503,'OT百合-節奏舞者(切花)',4),(404035079003603,'OT百合-賽拉諾(切花)',4),(404035079003703,'OT百合-羅賓娜(切花)',4),(404035079003803,'香水百合-OT法拉索(切花)',4),(404035079003903,'香水百合-天使之吻(切花)',4),(404035079004003,'香水百合-卡登粉(切花)',4),(404035079004053,'香水百合-卡登粉(進口切花)',4),(404035079004103,'香水百合-白(切花)',4),(404035079004153,'香水百合-白(進口切花)',4),(404035079004203,'香水百合-百老匯(切花)',4),(404035079004303,'香水百合-西伯利亞(切花)',4),(404035079004353,'香水百合-西伯利亞(進口切花)',4),(404035079004403,'香水百合-吾愛粉(切花)',4),(404035079004453,'香水百合-吾愛粉(進口切花)',4),(404035079004503,'香水百合-貝里斯摩(切花)',4),(404035079004603,'香水百合-貝佳摩(切花)',4),(404035079004653,'香水百合-貝佳摩(進口切花)',4),(404035079004703,'香水百合-貝妮妮(切花)',4),(404035079004753,'香水百合-貝妮妮(進口切花)',4),(404035079004803,'香水百合-貝肯多粉(切花)',4),(404035079004853,'香水百合-貝肯多粉(進口切花)',4),(404035079004903,'香水百合-辛普隆(切花)',4),(404035079004953,'香水百合-辛普隆(進口切花)',4),(404035079005003,'香水百合-里伯拉(切花)',4),(404035079005103,'香水百合-佳樂利(切花)',4),(404035079005203,'香水百合-姖羅沙(切花)',4),(404035079005303,'香水百合-拉曼恰(切花)',4),(404035079005403,'香水百合-法藍西(切花)',4),(404035079005503,'香水百合-芬芳粉(切花)',4),(404035079005553,'香水百合-芬芳粉(進口切花)',4),(404035079005603,'香水百合-芭芭拉(切花)',4),(404035079005653,'香水百合-芭芭拉(進口切花)',4),(404035079005703,'香水百合-阿斯卡力(切花)',4),(404035079005803,'香水百合-阿魯巴(切花)',4),(404035079005903,'香水百合-紅(切花)',4),(404035079006003,'香水百合-紅鶴星粉(切花)',4),(404035079006103,'香水百合-耶蘿琳(切花)',4),(404035079006153,'香水百合-耶蘿琳(進口切花)',4),(404035079006203,'香水百合-粉(切花)',4),(404035079006253,'香水百合-粉(進口切花)',4),(404035079006303,'香水百合-索邦妮(切花)',4),(404035079006353,'香水百合-索邦妮(進口切花)',4),(404035079006403,'香水百合-馬可波羅粉(切花)',4),(404035079006453,'香水百合-馬可波羅粉(進口切花)',4),(404035079006503,'香水百合-康卡多(切花)',4),(404035079006553,'香水百合-康卡多(進口切花)',4),(404035079006603,'香水百合-情人(切花)',4),(404035079006653,'香水百合-情人(進口切花)',4),(404035079006703,'香水百合-凱麗湖(切花)',4),(404035079006803,'香水百合-斯賓諾沙(切花)',4),(404035079006903,'香水百合-普莎蘿粉(切花)',4),(404035079006953,'香水百合-普莎蘿粉(進口切花)',4),(404035079007003,'香水百合-貴族白(切花)',4),(404035079007053,'香水百合-貴族白(進口切花)',4),(404035079007103,'香水百合-寶貝粉(切花)',4),(404035079007153,'香水百合-寶貝粉(進口切花)',4),(404035079007203,'香水百合-貴族粉(切花)',4),(404035079007253,'香水百合-貴族粉(進口切花)',4),(404035079007303,'香水百合-隆巴地亞(切花)',4),(404035079007403,'香水百合-黃(切花)',4),(404035079007503,'香水百合-黃晶新娘(切花)',4),(404035079007603,'香水百合-新馬可(切花)',4),(404035079007703,'香水百合-賈絲廷娜(切花)',4),(404035079007803,'香水百合-雷夢娜(切花)',4),(404035079007903,'香水百合-瑪度沙(切花)',4),(404035079007953,'香水百合-瑪度沙(進口切花)',4),(404035079008003,'香水百合-邁阿密(切花)',4),(404035079008053,'香水百合-邁阿密(進口切花)',4),(404035079008103,'香水百合-羅沙多(切花)',4),(404035079008203,'姬百合-白(切花)',4),(404035079008253,'姬百合-白(進口切花)',4),(404035079008303,'姬百合-紅(切花)',4),(404035079008353,'姬百合-紅(進口切花)',4),(404035079008403,'姬百合-粉(切花)',4),(404035079008453,'姬百合-粉(進口切花)',4),(404035079008503,'姬百合-紫(切花)',4),(404035079008603,'姬百合-黃(切花)',4),(404035079008653,'姬百合-黃(進口切花)',4),(404035079008703,'姬百合-橙(切花)',4),(404035079008753,'姬百合-橙(進口切花)',4),(404035079008803,'葵百合-蘿拉紅(切花)',4),(404035079008853,'葵百合-蘿拉紅(進口切花)',4),(404035079008903,'葵百合-卡斯克德粉(切花)',4),(404035079008953,'葵百合-卡斯克德粉(進口切花)',4),(404035079009003,'葵百合-阿卡波克(切花)',4),(404035079009053,'葵百合-阿卡波克(進口切花)',4),(404035079009103,'葵百合-阿提亞(切花)',4),(404035079009203,'葵百合-紅(切花)',4),(404035079009253,'葵百合-紅(進口切花)',4),(404035079009303,'葵百合-粉(切花)',4),(404035079009353,'葵百合-粉(進口切花)',4),(404035079009403,'葵百合-奧林匹克紅(切花)',4),(404035079009453,'葵百合-奧林匹克紅(進口切花)',4),(404035079009503,'葵百合-瑪麗之星(切花)',4),(404035079009603,'葵百合-瑪麗粉(切花)',4),(404035079009653,'葵百合-瑪麗粉(進口切花)',4),(404035079009703,'鐵砲百合-白(切花)',4),(404035079009753,'鐵砲百合-白(進口切花)',4),(404035079009803,'鐵砲百合-白天使(切花)',4),(404035079009903,'鐵砲百合-白狐(切花)',4),(404035079009953,'鐵砲百合-白狐(進口切花)',4),(404035079010003,'鐵砲百合-紅(切花)',4),(404035079010053,'鐵砲百合-紅(進口切花)',4),(404035079010103,'鐵砲百合-粉(切花)',4),(404035079010153,'鐵砲百合-粉(進口切花)',4),(404035079010203,'鐵砲百合-雪后(切花)',4),(404035079010303,'鐵砲百合-黃(切花)',4),(404035079010353,'鐵砲百合-黃(進口切花)',4),(404035079010403,'鐵砲百合-愛維塔(切花)',4),(404035079010503,'鐵砲百合-雷山一號(切花)',4),(404035079010553,'鐵砲百合-雷山一號(進口切花)',4),(404035079010603,'臺灣百合(切花)',4),(404035079010653,'臺灣百合(進口切花)',4),(404035079100103,'百合-巴卡蒂單朵(切花)',4),(404035079100203,'百合-水晶香水單朵(切花)',4),(404035079100303,'百合-布萊斯卡單朵(切花)',4),(404035079100403,'百合-皮克單朵(切花)',4),(404035079100503,'百合-希拉單朵(切花)',4),(404035079100603,'百合-威廉亞伯蒂單朵(切花)',4),(404035079100703,'百合-柯柏拉單朵(切花)',4),(404035079100803,'百合-珊卓單朵(切花)',4),(404035079100903,'百合-格雷西亞單朵(切花)',4),(404035079101003,'百合-特里昂菲特單朵(切花)',4),(404035079101103,'百合-馬利歐單朵(切花)',4),(404035079101203,'百合-塔拉果單朵(切花)',4),(404035079101303,'百合-蒙特祖瑪單朵(切花)',4),(404035079101403,'百合-薇薇安娜單朵(切花)',4),(404035079101503,'百合-羅迪納單朵(切花)',4),(404035079101603,'百合-贊布拉星單朵(切花)',4),(404035079101703,'LA百合-木瓜黃單朵(切花)',4),(404035079101803,'LA百合-白單朵(切花)',4),(404035079101903,'LA百合-皇家五號單朵(切花)',4),(404035079102003,'LA百合-紅單朵(切花)',4),(404035079102103,'LA百合-粉單朵(切花)',4),(404035079102203,'LA百合-黃單朵(切花)',4),(404035079102303,'LA百合-橙單朵(切花)',4),(404035079102403,'LO百合-王后粉單朵(切花)',4),(404035079102503,'OT百合-大連單朵(切花)',4),(404035079102603,'OT百合-巴露塔單朵(切花)',4),(404035079102703,'OT百合-多娜托單朵(切花)',4),(404035079102803,'OT百合-依多夏單朵(切花)',4),(404035079102903,'OT百合-帕雷諾單朵(切花)',4),(404035079103003,'OT百合-柏尼特單朵(切花)',4),(404035079103103,'OT百合-曼尼薩單朵(切花)',4),(404035079103203,'OT百合-黃金艾曼達單朵(切花)',4),(404035079103303,'OT百合-黃金城市單朵(切花)',4),(404035079103403,'OT百合-黃金香水單朵(切花)',4),(404035079103503,'OT百合-節奏舞者單朵(切花)',4),(404035079103603,'OT百合-賽拉諾單朵(切花)',4),(404035079103703,'OT百合-羅賓娜單朵(切花)',4),(404035079103803,'香水百合-OT法拉索單朵(切花)',4),(404035079103903,'香水百合-天使之吻單朵(切花)',4),(404035079104003,'香水百合-卡登粉單朵(切花)',4),(404035079104053,'香水百合-卡登粉單朵(進口切花)',4),(404035079104103,'香水百合-白單朵(切花)',4),(404035079104153,'香水百合-白單朵(進口切花)',4),(404035079104203,'香水百合-百老匯單朵(切花)',4),(404035079104303,'香水百合-西伯利亞單朵(切花)',4),(404035079104403,'香水百合-吾愛粉單朵(切花)',4),(404035079104453,'香水百合-吾愛粉單朵(進口切花)',4),(404035079104503,'香水百合-貝里斯摩單朵(切花)',4),(404035079104603,'香水百合-貝佳摩單朵(切花)',4),(404035079104653,'香水百合-貝佳摩單朵(進口切花)',4),(404035079104703,'香水百合-貝妮妮單朵(切花)',4),(404035079104803,'香水百合-貝肯多粉單朵(切花)',4),(404035079104853,'香水百合-貝肯多粉單朵(進口切花)',4),(404035079104903,'香水百合-辛普隆單朵(切花)',4),(404035079105003,'香水百合-里伯拉單朵(切花)',4),(404035079105103,'香水百合-佳樂利單朵(切花)',4),(404035079105203,'香水百合-姬羅沙單朵(切花)',4),(404035079105303,'香水百合-拉曼恰單朵(切花)',4),(404035079105403,'香水百合-法藍西單朵(切花)',4),(404035079105503,'香水百合-芬芳粉單朵(切花)',4),(404035079105553,'香水百合-芬芳粉單朵(進口切花)',4),(404035079105603,'香水百合-芭芭拉單朵(切花)',4),(404035079105653,'香水百合-芭芭拉單朵(進口切花)',4),(404035079105703,'香水百合-阿斯卡力單朵(切花)',4),(404035079105803,'香水百合-阿魯巴單朵(切花)',4),(404035079105903,'香水百合-紅單朵(切花)',4),(404035079106003,'香水百合-紅鶴星粉單朵(切花)',4),(404035079106053,'香水百合-紅鶴星粉單朵(進口切花)',4),(404035079106103,'香水百合-耶蘿琳單朵(切花)',4),(404035079106203,'香水百合-粉單朵(切花)',4),(404035079106253,'香水百合-粉單朵(進口切花)',4),(404035079106303,'香水百合-索邦妮單朵(切花)',4),(404035079106403,'香水百合-馬可波羅粉單朵(切花)',4),(404035079106453,'香水百合-馬可波羅粉單朵(進口切花)',4),(404035079106503,'香水百合-康卡多單朵(切花)',4),(404035079106603,'香水百合-情人單朵(切花)',4),(404035079106653,'香水百合-情人單朵(進口切花)',4),(404035079106703,'香水百合-凱麗湖單朵(切花)',4),(404035079106803,'香水百合-斯賓諾沙單朵(切花)',4),(404035079106903,'香水百合-普莎蘿粉單朵(切花)',4),(404035079106953,'香水百合-普莎蘿粉單朵(進口切花)',4),(404035079107003,'香水百合-貴族白單朵(切花)',4),(404035079107053,'香水百合-貴族白單朵(進口切花)',4),(404035079107103,'香水百合-寶貝粉單朵(切花)',4),(404035079107203,'香水百合-貴族粉單朵(切花)',4),(404035079107253,'香水百合-貴族粉單朵(進口切花)',4),(404035079107303,'香水百合-隆巴地亞單朵(切花)',4),(404035079107403,'香水百合-黃單朵(切花)',4),(404035079107503,'香水百合-黃晶新娘單朵(切花)',4),(404035079107603,'香水百合-新馬可單朵(切花)',4),(404035079107703,'香水百合-賈絲廷娜單朵(切花)',4),(404035079107803,'香水百合-雷夢娜單朵(切花)',4),(404035079107903,'香水百合-瑪度沙單朵(切花)',4),(404035079108003,'香水百合-邁阿密單朵(切花)',4),(404035079108053,'香水百合-邁阿密單朵(進口切花)',4),(404035079108103,'香水百合-羅沙多單朵(切花)',4),(404035079108203,'姬百合-白單朵(切花)',4),(404035079108253,'姬百合-白單朵(進口切花)',4),(404035079108303,'姬百合-紅單朵(切花)',4),(404035079108353,'姬百合-紅單朵(進口切花)',4),(404035079108403,'姬百合-粉單朵(切花)',4),(404035079108453,'姬百合-粉單朵(進口切花)',4),(404035079108503,'姬百合-紫單朵(切花)',4),(404035079108603,'姬百合-黃單朵(切花)',4),(404035079108653,'姬百合-黃單朵(進口切花)',4),(404035079108703,'姬百合-橙單朵(切花)',4),(404035079108753,'姬百合-橙單朵(進口切花)',4),(404035079108803,'葵百合-蘿拉紅單朵(切花)',4),(404035079108853,'葵百合-蘿拉紅單朵(進口切花)',4),(404035079108903,'葵百合-卡斯克德粉單朵(切花)',4),(404035079108953,'葵百合-卡斯克德粉單朵(進口切花)',4),(404035079109003,'葵百合-阿卡波克紅單朵(切花)',4),(404035079109053,'葵百合-阿卡波克紅單朵(進口切花)',4),(404035079109103,'葵百合-阿提亞單朵(切花)',4),(404035079109203,'葵百合-紅單朵(切花)',4),(404035079109253,'葵百合-紅單朵(進口切花)',4),(404035079109303,'葵百合-粉單朵(切花)',4),(404035079109353,'葵百合-粉單朵(進口切花)',4),(404035079109403,'葵百合-奧林匹克紅單朵(切花)',4),(404035079109453,'葵百合-奧林匹克紅單朵(進口切花)',4),(404035079109503,'葵百合-瑪麗之星單朵(切花)',4),(404035079109603,'葵百合-瑪麗粉單朵(切花)',4),(404035079109653,'葵百合-瑪麗粉單朵(進口切花)',4),(404035079109703,'鐵砲百合-白單朵(切花)',4),(404035079109753,'鐵砲百合-白單朵(進口切花)',4),(404035079109803,'鐵砲百合-白天使單朵(切花)',4),(404035079109903,'鐵砲百合-白狐單朵(切花)',4),(404035079109953,'鐵砲百合-白狐單朵(進口切花)',4),(404035079110003,'鐵砲百合-紅單朵(切花)',4),(404035079110053,'鐵砲百合-紅單朵(進口切花)',4),(404035079110103,'鐵砲百合-粉單朵(切花)',4),(404035079110153,'鐵砲百合-粉單朵(進口切花)',4),(404035079110203,'鐵砲百合-雪后單朵(切花)',4),(404035079110303,'鐵砲百合-黃單朵(切花)',4),(404035079110353,'鐵砲百合-黃單朵(進口切花)',4),(404035079110403,'鐵砲百合-愛維塔單朵(切花)',4),(404035079110503,'鐵砲百合-雷山一號單朵(切花)',4),(404035079110553,'鐵砲百合-雷山一號單朵(進口切花)',4),(404035079110603,'臺灣百合-單朵(切花)',4),(404035079110653,'臺灣百合-單朵(進口切花)',4),(404035079200103,'百合-巴卡蒂二朵(切花)',4),(404035079200203,'百合-水晶香水雙朵(切花)',4),(404035079200303,'百合-布萊斯卡雙朵(切花)',4),(404035079200403,'百合-皮克雙朵(切花)',4),(404035079200503,'百合-希拉雙朵(切花)',4),(404035079200603,'百合-威廉亞伯蒂雙朵(切花)',4),(404035079200703,'百合-柯柏拉雙朵(切花)',4),(404035079200803,'百合-珊卓雙朵(切花)',4),(404035079200903,'百合-格雷西亞雙朵(切花)',4),(404035079201003,'百合-特里昂菲特雙朵(切花)',4),(404035079201103,'百合-馬利歐雙朵(切花)',4),(404035079201203,'百合-塔拉果二朵(切花)',4),(404035079201303,'百合-蒙特祖瑪雙朵(切花)',4),(404035079201403,'百合-薇薇安娜雙朵(切花)',4),(404035079201503,'百合-羅迪納雙朵(切花)',4),(404035079201603,'百合-贊布拉星雙朵(切花)',4),(404035079201703,'LA百合-木瓜黃雙朵(切花)',4),(404035079201803,'LA百合-白雙朵(切花)',4),(404035079201903,'LA百合-皇家五號雙朵(切花)',4),(404035079202003,'LA百合-紅雙朵(切花)',4),(404035079202103,'LA百合-粉雙朵(切花)',4),(404035079202203,'LA百合-黃雙朵(切花)',4),(404035079202303,'LA百合-橙雙朵(切花)',4),(404035079202403,'LO百合-王后粉雙朵(切花)',4),(404035079202503,'OT百合-大連雙朵(切花)',4),(404035079202603,'OT百合-巴露塔雙朵(切花)',4),(404035079202703,'OT百合-多娜托雙朵(切花)',4),(404035079202803,'OT百合-依多夏雙朵(切花)',4),(404035079202903,'OT百合-帕雷諾雙朵(切花)',4),(404035079203003,'OT百合-柏尼特雙朵(切花)',4),(404035079203103,'OT百合-曼尼薩雙朵(切花)',4),(404035079203203,'OT百合-黃金艾曼達雙朵(切花)',4),(404035079203303,'OT百合-黃金城市雙朵(切花)',4),(404035079203403,'OT百合-黃金香水雙朵(切花)',4),(404035079203503,'OT百合-節奏舞者二朵(切花)',4),(404035079203603,'OT百合-賽拉諾雙朵(切花)',4),(404035079203703,'OT百合-羅賓娜雙朵(切花)',4),(404035079203803,'香水百合-OT法拉索雙朵(切花)',4),(404035079203903,'香水百合-天使之吻雙朵(切花)',4),(404035079204003,'香水百合-卡登粉雙朵(切花)',4),(404035079204053,'香水百合-卡登粉雙朵(進口切花)',4),(404035079204103,'香水百合-白雙朵(切花)',4),(404035079204153,'香水百合-白雙朵(進口切花)',4),(404035079204203,'香水百合-百老匯雙朵(切花)',4),(404035079204303,'香水百合-西伯利亞雙朵(切花)',4),(404035079204403,'香水百合-吾愛粉雙朵(切花)',4),(404035079204453,'香水百合-吾愛粉雙朵(進口切花)',4),(404035079204503,'香水百合-貝里斯摩雙朵(切花)',4),(404035079204603,'香水百合-貝佳摩雙朵(切花)',4),(404035079204653,'香水百合-貝佳摩雙朵(進口切花)',4),(404035079204703,'香水百合-貝妮妮雙朵(切花)',4),(404035079204803,'香水百合-貝肯多粉雙朵(切花)',4),(404035079204853,'香水百合-貝肯多粉雙朵(進口切花)',4),(404035079204903,'香水百合-辛普隆雙朵(切花)',4),(404035079204953,'香水百合-辛普隆雙朵(進口切花)',4),(404035079205003,'香水百合-里伯拉雙朵(切花)',4),(404035079205103,'香水百合-佳樂利雙朵(切花)',4),(404035079205203,'香水百合-姬羅沙雙朵(切花)',4),(404035079205303,'香水百合-拉曼恰雙朵(切花)',4),(404035079205403,'香水百合-法藍西雙朵(切花)',4),(404035079205503,'香水百合-芬芳粉雙朵(切花)',4),(404035079205553,'香水百合-芬芳粉雙朵(進口切花)',4),(404035079205603,'香水百合-芭芭拉雙朵(切花)',4),(404035079205653,'香水百合-芭芭拉雙朵(進口切花)',4),(404035079205703,'香水百合-阿斯卡力雙朵(切花)',4),(404035079205803,'香水百合-阿魯巴雙朵(切花)',4),(404035079205903,'香水百合-紅雙朵(切花)',4),(404035079206003,'香水百合-紅鶴星粉雙朵(切花)',4),(404035079206053,'香水百合-紅鶴星粉雙朵(進口切花)',4),(404035079206103,'香水百合-耶蘿琳雙朵(切花)',4),(404035079206203,'香水百合-粉雙朵(切花)',4),(404035079206253,'香水百合-粉雙朵(進口切花)',4),(404035079206303,'香水百合-索邦妮雙朵(切花)',4),(404035079206403,'香水百合-馬可波羅粉雙朵(切花)',4),(404035079206453,'香水百合-馬可波羅粉雙朵(進口切花)',4),(404035079206503,'香水百合-康卡多雙朵(切花)',4),(404035079206553,'香水百合-康卡多雙朵(進口切花)',4),(404035079206603,'香水百合-情人雙朵(切花)',4),(404035079206653,'香水百合-情人雙朵(進口切花)',4),(404035079206703,'香水百合-凱麗湖雙朵(切花)',4),(404035079206803,'香水百合-斯賓諾沙雙朵(切花)',4),(404035079206903,'香水百合-普莎蘿粉雙朵(切花)',4),(404035079206953,'香水百合-普莎蘿粉雙朵(進口切花)',4),(404035079207003,'香水百合-貴族白雙朵(切花)',4),(404035079207053,'香水百合-貴族白雙朵(進口切花)',4),(404035079207103,'香水百合-寶貝粉雙朵(切花)',4),(404035079207203,'香水百合-貴族粉雙朵(切花)',4),(404035079207253,'香水百合-貴族粉雙朵(進口切花)',4),(404035079207303,'香水百合-隆巴地亞雙朵(切花)',4),(404035079207403,'香水百合-黃雙朵(切花)',4),(404035079207503,'香水百合-黃晶新娘雙朵(切花)',4),(404035079207603,'香水百合-新馬可雙朵(切花)',4),(404035079207703,'香水百合-賈絲廷娜雙朵(切花)',4),(404035079207803,'香水百合-雷夢娜雙朵(切花)',4),(404035079207903,'香水百合-瑪度沙雙朵(切花)',4),(404035079208003,'香水百合-邁阿密雙朵(切花)',4),(404035079208053,'香水百合-邁阿密雙朵(進口切花)',4),(404035079208103,'香水百合-羅沙多雙朵(切花)',4),(404035079208203,'姬百合-白雙朵(切花)',4),(404035079208253,'姬百合-白雙朵(進口切花)',4),(404035079208303,'姬百合-紅雙朵(切花)',4),(404035079208353,'姬百合-紅雙朵(進口切花)',4),(404035079208403,'姬百合-粉雙朵(切花)',4),(404035079208453,'姬百合-粉雙朵(進口切花)',4),(404035079208503,'姬百合-紫雙朵(切花)',4),(404035079208603,'姬百合-黃雙朵(切花)',4),(404035079208653,'姬百合-黃雙朵(進口切花)',4),(404035079208703,'姬百合-橙雙朵(切花)',4),(404035079208753,'姬百合-橙雙朵(進口切花)',4),(404035079208803,'葵百合-蘿拉紅雙朵(切花)',4),(404035079208853,'葵百合-蘿拉紅雙朵(進口切花)',4),(404035079208903,'葵百合-卡斯克德粉雙朵(切花)',4),(404035079208953,'葵百合-卡斯克德粉雙朵(進口切花)',4),(404035079209003,'葵百合-阿卡波克紅雙朵(切花)',4),(404035079209053,'葵百合-阿卡波克紅雙朵(進口切花)',4),(404035079209103,'葵百合-阿提亞雙朵(切花)',4),(404035079209203,'葵百合-紅雙朵(切花)',4),(404035079209253,'葵百合-紅雙朵(進口切花)',4),(404035079209303,'葵百合-粉雙朵(切花)',4),(404035079209353,'葵百合-粉雙朵(進口切花)',4),(404035079209403,'葵百合-奧林匹克紅雙朵(切花)',4),(404035079209453,'葵百合-奧林匹克紅雙朵(進口切花)',4),(404035079209503,'葵百合-瑪麗之星雙朵(切花)',4),(404035079209603,'葵百合-瑪麗粉雙朵(切花)',4),(404035079209653,'葵百合-瑪麗粉雙朵(進口切花)',4),(404035079209703,'鐵砲百合-白雙朵(切花)',4),(404035079209753,'鐵砲百合-白雙朵(進口切花)',4),(404035079209803,'鐵砲百合-白天使雙朵(切花)',4),(404035079209903,'鐵砲百合-白狐雙朵(切花)',4),(404035079210003,'鐵砲百合-紅雙朵(切花)',4),(404035079210053,'鐵砲百合-紅雙朵(進口切花)',4),(404035079210103,'鐵砲百合-粉雙朵(切花)',4),(404035079210153,'鐵砲百合-粉雙朵(進口切花)',4),(404035079210203,'鐵砲百合-雪后雙朵(切花)',4),(404035079210303,'鐵砲百合-黃雙朵(切花)',4),(404035079210353,'鐵砲百合-黃雙朵(進口切花)',4),(404035079210403,'鐵砲百合-愛維塔雙朵(切花)',4),(404035079210503,'鐵砲百合-雷山一號雙朵(切花)',4),(404035079210553,'鐵砲百合-雷山一號雙朵(進口切花)',4),(404035079210603,'臺灣百合-雙朵(切花)',4),(404035079210653,'臺灣百合-雙朵(進口切花)',4),(404035079300103,'百合-巴卡蒂三朵(切花)',4),(404035079300203,'百合-水晶香水三朵(切花)',4),(404035079300303,'百合-布萊斯卡三朵(切花)',4),(404035079300403,'百合-皮克三朵(切花)',4),(404035079300503,'百合-希拉三朵(切花)',4),(404035079300553,'百合-希拉三朵(進口切花)',4),(404035079300603,'百合-威廉亞伯蒂三朵(切花)',4),(404035079300703,'百合-柯柏拉三朵(切花)',4),(404035079300803,'百合-珊卓三朵(切花)',4),(404035079300903,'百合-格雷西亞三朵(切花)',4),(404035079301003,'百合-特里昂菲特三朵(切花)',4),(404035079301103,'百合-馬利歐三朵(切花)',4),(404035079301203,'百合-塔拉果三朵(切花)',4),(404035079301303,'百合-蒙特祖瑪三朵(切花)',4),(404035079301403,'百合-薇薇安娜三朵(切花)',4),(404035079301503,'百合-羅迪納三朵(切花)',4),(404035079301603,'百合-贊布拉星三朵(切花)',4),(404035079301703,'LA百合-木瓜黃三朵(切花)',4),(404035079301803,'LA百合-白三朵(切花)',4),(404035079301903,'LA百合-皇家五號三朵(切花)',4),(404035079302003,'LA百合-紅三朵(切花)',4),(404035079302103,'LA百合-粉三朵(切花)',4),(404035079302203,'LA百合-黃三朵(切花)',4),(404035079302303,'LA百合-橙三朵(切花)',4),(404035079302403,'LO百合-王后粉三朵(切花)',4),(404035079302503,'OT百合-大連三朵(切花)',4),(404035079302603,'OT百合-巴露塔三朵(切花)',4),(404035079302703,'OT百合-多娜托三朵(切花)',4),(404035079302803,'OT百合-依多夏三朵(切花)',4),(404035079302903,'OT百合-帕雷諾三朵(切花)',4),(404035079303003,'OT百合-柏尼特三朵(切花)',4),(404035079303103,'OT百合-曼尼薩三朵(切花)',4),(404035079303203,'OT百合-黃金艾曼達三朵(切花)',4),(404035079303303,'OT百合-黃金城市三朵(切花)',4),(404035079303403,'OT百合-黃金香水三朵(切花)',4),(404035079303503,'OT百合-節奏舞者三朵(切花)',4),(404035079303603,'OT百合-賽拉諾三朵(切花)',4),(404035079303703,'OT百合-羅賓娜三朵(切花)',4),(404035079303803,'香水百合-OT法拉索三朵(切花)',4),(404035079303903,'香水百合-天使之吻三朵(切花)',4),(404035079304003,'香水百合-卡登粉三朵(切花)',4),(404035079304053,'香水百合-卡登粉三朵(進口切花)',4),(404035079304103,'香水百合-白三朵(切花)',4),(404035079304153,'香水百合-白三朵(進口切花)',4),(404035079304203,'香水百合-百老匯三朵(切花)',4),(404035079304303,'香水百合-西伯利亞三朵(切花)',4),(404035079304353,'香水百合-西伯利亞三朵(進口切花)',4),(404035079304403,'香水百合-吾愛粉三朵(切花)',4),(404035079304453,'香水百合-吾愛粉三朵(進口切花)',4),(404035079304503,'香水百合-貝里斯摩三朵(切花)',4),(404035079304603,'香水百合-貝佳摩三朵(切花)',4),(404035079304653,'香水百合-貝佳摩三朵(進口切花)',4),(404035079304703,'香水百合-貝妮妮三朵(切花)',4),(404035079304753,'香水百合-貝妮妮三朵(進口切花)',4),(404035079304803,'香水百合-貝肯多粉三朵(切花)',4),(404035079304853,'香水百合-貝肯多粉三朵(進口切花)',4),(404035079304903,'香水百合-辛普隆三朵(切花)',4),(404035079304953,'香水百合-辛普隆三朵(進口切花)',4),(404035079305003,'香水百合-里伯拉三朵(切花)',4),(404035079305103,'香水百合-佳樂利三朵(切花)',4),(404035079305203,'香水百合-姬羅沙沙三朵(切花)',4),(404035079305303,'香水百合-拉曼恰三朵(切花)',4),(404035079305403,'香水百合-法藍西三朵(切花)',4),(404035079305503,'香水百合-芬芳粉三朵(切花)',4),(404035079305553,'香水百合-芬芳粉三朵(進口切花)',4),(404035079305603,'香水百合-芭芭拉三朵(切花)',4),(404035079305653,'香水百合-芭芭拉三朵(進口切花)',4),(404035079305703,'香水百合-阿斯卡力三朵(切花)',4),(404035079305803,'香水百合-阿魯巴三朵(切花)',4),(404035079305903,'香水百合-紅三朵(切花)',4),(404035079306003,'香水百合-紅鶴星粉三朵(切花)',4),(404035079306053,'香水百合-紅鶴星粉三朵(進口切花)',4),(404035079306103,'香水百合-耶蘿琳三朵(切花)',4),(404035079306203,'香水百合-粉三朵(切花)',4),(404035079306253,'香水百合-粉三朵(進口切花)',4),(404035079306303,'香水百合-索邦妮三朵(切花)',4),(404035079306353,'香水百合-索邦妮三朵(進口切花)',4),(404035079306403,'香水百合-馬可波羅粉三朵(切花)',4),(404035079306453,'香水百合-馬可波羅粉三朵(進口切花)',4),(404035079306503,'香水百合-康卡多三朵(切花)',4),(404035079306603,'香水百合-情人三朵(切花)',4),(404035079306653,'香水百合-情人三朵(進口切花)',4),(404035079306703,'香水百合-凱麗湖三朵(切花)',4),(404035079306803,'香水百合-斯賓諾沙三朵(切花)',4),(404035079306903,'香水百合-普莎蘿粉三朵(切花)',4),(404035079306953,'香水百合-普莎蘿粉三朵(進口切花)',4),(404035079307003,'香水百合-貴族白三朵(切花)',4),(404035079307053,'香水百合-貴族白三朵(進口切花)',4),(404035079307103,'香水百合-寶貝粉三朵(切花)',4),(404035079307153,'香水百合-寶貝粉三朵(進口切花)',4),(404035079307203,'香水百合-貴族粉三朵(切花)',4),(404035079307253,'香水百合-貴族粉三朵(進口切花)',4),(404035079307303,'香水百合-隆巴地亞三朵(切花)',4),(404035079307403,'香水百合-黃三朵(切花)',4),(404035079307503,'香水百合-黃晶新娘三朵(切花)',4),(404035079307603,'香水百合-新馬可三朵(切花)',4),(404035079307703,'香水百合-賈絲廷娜三朵(切花)',4),(404035079307803,'香水百合-雷夢娜三朵(切花)',4),(404035079307903,'香水百合-瑪度沙三朵(切花)',4),(404035079307953,'香水百合-瑪度沙三朵(進口切花)',4),(404035079308003,'香水百合-邁阿密三朵(切花)',4),(404035079308053,'香水百合-邁阿密三朵(進口切花)',4),(404035079308103,'香水百合-羅沙多三朵(切花)',4),(404035079308203,'姬百合-白三朵(切花)',4),(404035079308253,'姬百合-白三朵(進口切花)',4),(404035079308303,'姬百合-紅三朵(切花)',4),(404035079308353,'姬百合-紅三朵(進口切花)',4),(404035079308403,'姬百合-粉三朵(切花)',4),(404035079308453,'姬百合-粉三朵(進口切花)',4),(404035079308503,'姬百合-紫三朵(切花)',4),(404035079308603,'姬百合-黃三朵(切花)',4),(404035079308653,'姬百合-黃三朵(進口切花)',4),(404035079308703,'姬百合-橙三朵(切花)',4),(404035079308753,'姬百合-橙三朵(進口切花)',4),(404035079308803,'葵百合-蘿拉紅三朵(切花)',4),(404035079308853,'葵百合-蘿拉紅三朵(進口切花)',4),(404035079308903,'葵百合-卡斯克德粉三朵(切花)',4),(404035079308953,'葵百合-卡斯克德粉三朵(進口切花)',4),(404035079309003,'葵百合-阿卡波克紅三朵(切花)',4),(404035079309053,'葵百合-阿卡波克紅三朵(進口切花)',4),(404035079309103,'葵百合-阿提亞三朵(切花)',4),(404035079309203,'葵百合-紅三朵(切花)',4),(404035079309253,'葵百合-紅三朵(進口切花)',4),(404035079309303,'葵百合-粉三朵(切花)',4),(404035079309353,'葵百合-粉三朵(進口切花)',4),(404035079309403,'葵百合-奧林匹克紅三朵(切花)',4),(404035079309453,'葵百合-奧林匹克紅三朵(進口切花)',4),(404035079309503,'葵百合-瑪麗之星三朵(切花)',4),(404035079309603,'葵百合-瑪麗粉三朵(切花)',4),(404035079309653,'葵百合-瑪麗粉三朵(進口切花)',4),(404035079309703,'鐵砲百合-白三朵(切花)',4),(404035079309753,'鐵砲百合-白三朵(進口切花)',4),(404035079309803,'鐵砲百合-白天使三朵(切花)',4),(404035079309903,'鐵砲百合-白狐三朵(切花)',4),(404035079310003,'鐵砲百合-紅三朵(切花)',4),(404035079310053,'鐵砲百合-紅三朵(進口切花)',4),(404035079310103,'鐵砲百合-粉三朵(切花)',4),(404035079310153,'鐵砲百合-粉三朵(進口切花)',4),(404035079310203,'鐵砲百合-雪后三朵(切花)',4),(404035079310303,'鐵砲百合-黃三朵(切花)',4),(404035079310353,'鐵砲百合-黃三朵(進口切花)',4),(404035079310403,'鐵砲百合-愛維塔三朵(切花)',4),(404035079310503,'鐵砲百合-雷山一號三朵(切花)',4),(404035079310553,'鐵砲百合-雷山一號三朵(進口切花)',4),(404035079310603,'臺灣百合-三朵(切花)',4),(404035079310653,'臺灣百合-三朵(進口切花)',4),(404035079401703,'LA百合-木瓜黃四朵(切花)',4),(404035079401803,'LA百合-白四朵(切花)',4),(404035079402003,'LA百合-紅四朵(切花)',4),(404035079402103,'LA百合-粉四朵(切花)',4),(404035079402203,'LA百合-黃四朵(切花)',4),(404035079402303,'LA百合-橙四朵(切花)',4),(404035079404003,'香水百合-卡登粉四朵(切花)',4),(404035079404053,'香水百合-卡登粉四朵(進口切花)',4),(404035079404103,'香水百合-白四朵(切花)',4),(404035079404153,'香水百合-白四朵(進口切花)',4),(404035079404403,'香水百合-吾愛粉四朵(切花)',4),(404035079404453,'香水百合-吾愛粉四朵(進口切花)',4),(404035079404803,'香水百合-貝肯多粉四朵(切花)',4),(404035079404853,'香水百合-貝肯多粉四朵(進口切花)',4),(404035079405503,'香水百合-芬芳粉四朵(切花)',4),(404035079405553,'香水百合-芬芳粉四朵(進口切花)',4),(404035079406003,'香水百合-紅鶴星粉四朵(切花)',4),(404035079406053,'香水百合-紅鶴星粉四朵(進口切花)',4),(404035079406203,'香水百合-粉四朵(切花)',4),(404035079406253,'香水百合-粉四朵(進口切花)',4),(404035079406403,'香水百合-馬可波羅粉四朵(切花)',4),(404035079406453,'香水百合-馬可波羅粉四朵(進口切花)',4),(404035079406903,'香水百合-普莎蘿粉四朵(切花)',4),(404035079406953,'香水百合-普莎蘿粉四朵(進口切花)',4),(404035079407003,'香水百合-貴族白四朵(切花)',4),(404035079407053,'香水百合-貴族白四朵(進口切花)',4),(404035079407203,'香水百合-貴族粉四朵(切花)',4),(404035079407253,'香水百合-貴族粉四朵(進口切花)',4),(404035079408203,'姬百合-白四朵(切花)',4),(404035079408253,'姬百合-白四朵(進口切花)',4),(404035079408303,'姬百合-紅四朵(切花)',4),(404035079408353,'姬百合-紅四朵(進口切花)',4),(404035079408403,'姬百合-粉四朵(切花)',4),(404035079408453,'姬百合-粉四朵(進口切花)',4),(404035079408503,'姬百合-紫四朵(切花)',4),(404035079408603,'姬百合-黃四朵(切花)',4),(404035079408653,'姬百合-黃四朵(進口切花)',4),(404035079408703,'姬百合-橙四朵(切花)',4),(404035079408753,'姬百合-橙四朵(進口切花)',4),(404035079408803,'葵百合-蘿拉紅四朵(切花)',4),(404035079408853,'葵百合-蘿拉紅四朵(進口切花)',4),(404035079408903,'葵百合-卡斯克德粉四朵(切花)',4),(404035079408953,'葵百合-卡斯克德粉四朵(進口切花)',4),(404035079409003,'葵百合-阿卡波克紅四朵(切花)',4),(404035079409053,'葵百合-阿卡波克紅四朵(進口切花)',4),(404035079409203,'葵百合-紅四朵(切花)',4),(404035079409253,'葵百合-紅四朵(進口切花)',4),(404035079409303,'葵百合-粉四朵(切花)',4),(404035079409353,'葵百合-粉四朵(進口切花)',4),(404035079409403,'葵百合-奧林匹克紅四朵(切花)',4),(404035079409453,'葵百合-奧林匹克紅四朵(進口切花)',4),(404035079409603,'葵百合-瑪麗粉四朵(切花)',4),(404035079409653,'葵百合-瑪麗粉四朵(進口切花)',4),(404035079409703,'鐵砲百合-白四朵(切花)',4),(404035079409753,'鐵砲百合-白四朵(進口切花)',4),(404035079501703,'LA百合-木瓜黃五朵(切花)',4),(404035079501803,'LA百合-白五朵(切花)',4),(404035079502003,'LA百合-紅五朵(切花)',4),(404035079502103,'LA百合-粉五朵(切花)',4),(404035079502203,'LA百合-黃五朵(切花)',4),(404035079502303,'LA百合-橙五朵(切花)',4),(404035079504003,'香水百合-卡登粉五朵(切花)',4),(404035079504053,'香水百合-卡登粉五朵(進口切花)',4),(404035079504103,'香水百合-白五朵(切花)',4),(404035079504153,'香水百合-白五朵(進口切花)',4),(404035079504403,'香水百合-吾愛粉五朵(切花)',4),(404035079504453,'香水百合-吾愛粉五朵(進口切花)',4),(404035079504803,'香水百合-貝肯多粉五朵(切花)',4),(404035079504853,'香水百合-貝肯多粉五朵(進口切花)',4),(404035079505503,'香水百合-芬芳粉五朵(切花)',4),(404035079505553,'香水百合-芬芳粉五朵(進口切花)',4),(404035079506003,'香水百合-紅鶴星粉五朵(切花)',4),(404035079506053,'香水百合-紅鶴星粉五朵(進口切花)',4),(404035079506203,'香水百合-粉五朵(切花)',4),(404035079506253,'香水百合-粉五朵(進口切花)',4),(404035079506403,'香水百合-馬可波羅粉五朵(切花)',4),(404035079506453,'香水百合-馬可波羅粉五朵(進口切花)',4),(404035079506903,'香水百合-普莎蘿粉五朵(切花)',4),(404035079506953,'香水百合-普莎蘿粉五朵(進口切花)',4),(404035079507003,'香水百合-貴族白五朵(切花)',4),(404035079507053,'香水百合-貴族白五朵(進口切花)',4),(404035079507203,'香水百合-貴族粉五朵(切花)',4),(404035079507253,'香水百合-貴族粉五朵(進口切花)',4),(404035079508203,'姬百合-白五朵(切花)',4),(404035079508253,'姬百合-白五朵(進口切花)',4),(404035079508303,'姬百合-紅五朵(切花)',4),(404035079508353,'姬百合-紅五朵(進口切花)',4),(404035079508403,'姬百合-粉五朵(切花)',4),(404035079508453,'姬百合-粉五朵(進口切花)',4),(404035079508503,'姬百合-紫五朵(切花)',4),(404035079508603,'姬百合-黃五朵(切花)',4),(404035079508653,'姬百合-黃五朵(進口切花)',4),(404035079508703,'姬百合-橙五朵(切花)',4),(404035079508753,'姬百合-橙五朵(進口切花)',4),(404035079508803,'葵百合-蘿拉紅五朵(切花)',4),(404035079508853,'葵百合-蘿拉紅五朵(進口切花)',4),(404035079508903,'葵百合-卡斯克德粉五朵(切花)',4),(404035079508953,'葵百合-卡斯克德粉五朵(進口切花)',4),(404035079509003,'葵百合-阿卡波克紅五朵(切花)',4),(404035079509053,'葵百合-阿卡波克紅五朵(進口切花)',4),(404035079509203,'葵百合-紅五朵(切花)',4),(404035079509253,'葵百合-紅五朵(進口切花)',4),(404035079509303,'葵百合-粉五朵(切花)',4),(404035079509353,'葵百合-粉五朵(進口切花)',4),(404035079509403,'葵百合-奧林匹克紅五朵(切花)',4),(404035079509453,'葵百合-奧林匹克紅五朵(進口切花)',4),(404035079509603,'葵百合-瑪麗粉五朵(切花)',4),(404035079509653,'葵百合-瑪麗粉五朵(進口切花)',4),(404035079509703,'鐵砲百合-白五朵(切花)',4),(404035079509753,'鐵砲百合-白五朵(進口切花)',4),(404035079600103,'百合-巴卡蒂多朵(切花)',4),(404035079600203,'百合-水晶香水多朵(切花)',4),(404035079600303,'百合-布萊斯卡多朵(切花)',4),(404035079600403,'百合-皮克多朵(切花)',4),(404035079600503,'百合-希拉多朵(切花)',4),(404035079600603,'百合-威廉亞伯蒂多朵(切花)',4),(404035079600703,'百合-柯柏拉多朵(切花)',4),(404035079600803,'百合-珊卓多朵(切花)',4),(404035079600903,'百合-格雷西亞多朵(切花)',4),(404035079601003,'百合-特里昂菲特多朵(切花)',4),(404035079601103,'百合-馬利歐多朵(切花)',4),(404035079601203,'百合-塔拉果多朵(切花)',4),(404035079601303,'百合-蒙特祖瑪多朵(切花)',4),(404035079601403,'百合-薇薇安娜多朵(切花)',4),(404035079601503,'百合-羅迪納多朵(切花)',4),(404035079601603,'百合-贊布拉星多朵(切花)',4),(404035079601703,'LA百合-木瓜黃多朵(切花)',4),(404035079601753,'LA百合-木瓜黃多朵(進口切花)',4),(404035079601803,'LA百合-白多朵(切花)',4),(404035079601853,'LA百合-白多朵(進口切花)',4),(404035079601903,'LA百合-皇家五號多朵(切花)',4),(404035079602003,'LA百合-紅多朵(切花)',4),(404035079602053,'LA百合-紅多朵(進口切花)',4),(404035079602103,'LA百合-粉多朵(切花)',4),(404035079602153,'LA百合-粉多朵(進口切花)',4),(404035079602203,'LA百合-黃多朵(切花)',4),(404035079602253,'LA百合-黃多朵(進口切花)',4),(404035079602303,'LA百合-橙多朵(切花)',4),(404035079602353,'LA百合-橙多朵(進口切花)',4),(404035079602403,'LO百合-王后粉多朵(切花)',4),(404035079602503,'OT百合-大連多朵(切花)',4),(404035079602603,'OT百合-巴露塔多朵(切花)',4),(404035079602703,'OT百合-多娜托多朵(切花)',4),(404035079602803,'OT百合-依多夏多朵(切花)',4),(404035079602903,'OT百合-帕雷諾多朵(切花)',4),(404035079603003,'OT百合-柏尼特多朵(切花)',4),(404035079603103,'OT百合-曼尼薩多朵(切花)',4),(404035079603203,'OT百合-黃金艾曼達多朵(切花)',4),(404035079603303,'OT百合-黃金城市多朵(切花)',4),(404035079603403,'OT百合-黃金香水多朵(切花)',4),(404035079603503,'OT百合-節奏舞者多朵(切花)',4),(404035079603603,'OT百合-賽拉諾多朵(切花)',4),(404035079603703,'OT百合-羅賓娜多朵(切花)',4),(404035079603803,'香水百合-OT法拉索多朵(切花)',4),(404035079603903,'香水百合-天使之吻多朵(切花)',4),(404035079604003,'香水百合-卡登粉多朵(切花)',4),(404035079604053,'香水百合-卡登粉多朵(進口切花)',4),(404035079604103,'香水百合-白多朵(切花)',4),(404035079604153,'香水百合-白多朵(進口切花)',4),(404035079604203,'香水百合-百老匯多朵(切花)',4),(404035079604303,'香水百合-西伯利亞多朵(切花)',4),(404035079604353,'香水百合-西伯利亞多朵(進口切花)',4),(404035079604403,'香水百合-吾愛粉多朵(切花)',4),(404035079604453,'香水百合-吾愛粉多朵(進口切花)',4),(404035079604503,'香水百合-貝里斯摩多朵(切花)',4),(404035079604603,'香水百合-貝佳摩多朵(切花)',4),(404035079604653,'香水百合-貝佳摩多朵(進口切花)',4),(404035079604703,'香水百合-貝妮妮多朵(切花)',4),(404035079604753,'香水百合-貝妮妮多朵(進口切花)',4),(404035079604803,'香水百合-貝肯多粉多朵(切花)',4),(404035079604853,'香水百合-貝肯多粉多朵(進口切花)',4),(404035079604903,'香水百合-辛普隆多朵(切花)',4),(404035079604953,'香水百合-辛普隆多朵(進口切花)',4),(404035079605003,'香水百合-里伯拉多朵(切花)',4),(404035079605103,'香水百合-佳樂利多朵(切花)',4),(404035079605203,'香水百合-姬羅沙多朵(切花)',4),(404035079605303,'香水百合-拉曼恰多朵(切花)',4),(404035079605403,'香水百合-法藍西多朵(切花)',4),(404035079605503,'香水百合-芬芳粉多朵(切花)',4),(404035079605603,'香水百合-芭芭拉多朵(切花)',4),(404035079605653,'香水百合-芭芭拉多朵(進口切花)',4),(404035079605703,'香水百合-阿斯卡力多朵(切花)',4),(404035079605803,'香水百合-阿魯巴多朵(切花)',4),(404035079605903,'香水百合-紅多朵(切花)',4),(404035079606003,'香水百合-紅鶴星粉多朵(切花)',4),(404035079606053,'香水百合-紅鶴星粉多朵(進口切花)',4),(404035079606103,'香水百合-耶蘿琳多朵(切花)',4),(404035079606153,'香水百合-耶蘿琳多朵(進口切花)',4),(404035079606203,'香水百合-粉多朵(切花)',4),(404035079606253,'香水百合-粉多朵(進口切花)',4),(404035079606303,'香水百合-索邦妮多朵(切花)',4),(404035079606353,'香水百合-索邦妮多朵(進口切花)',4),(404035079606403,'香水百合-馬可波羅粉多朵(切花)',4),(404035079606453,'香水百合-馬可波羅粉多朵(進口切花)',4),(404035079606503,'香水百合-康卡多多朵(切花)',4),(404035079606603,'香水百合-情人多朵(切花)',4),(404035079606653,'香水百合-情人多朵(進口切花)',4),(404035079606703,'香水百合-凱麗湖多朵(切花)',4),(404035079606803,'香水百合-斯賓諾沙多朵(切花)',4),(404035079606903,'香水百合-普莎蘿粉多朵(切花)',4),(404035079606953,'香水百合-普莎蘿粉多朵(進口切花)',4),(404035079607003,'香水百合-貴族白多朵(切花)',4),(404035079607053,'香水百合-貴族白多朵(進口切花)',4),(404035079607103,'香水百合-寶貝粉多朵(切花)',4),(404035079607153,'香水百合-寶貝粉多朵(進口切花)',4),(404035079607203,'香水百合-貴族粉多朵(切花)',4),(404035079607253,'香水百合-貴族粉多朵(進口切花)',4),(404035079607303,'香水百合-隆巴地亞多朵(切花)',4),(404035079607403,'香水百合-黃多朵(切花)',4),(404035079607503,'香水百合-黃晶新娘多朵(切花)',4),(404035079607603,'香水百合-新馬可多朵(切花)',4),(404035079607703,'香水百合-賈絲廷娜多朵(切花)',4),(404035079607803,'香水百合-雷夢娜多朵(切花)',4),(404035079607903,'香水百合-瑪度沙多朵(切花)',4),(404035079607953,'香水百合-瑪度沙多朵(進口切花)',4),(404035079608003,'香水百合-邁阿密多朵(切花)',4),(404035079608053,'香水百合-邁阿密多朵(進口切花)',4),(404035079608103,'香水百合-羅沙多多朵(切花)',4),(404035079608203,'姬百合-白多朵(切花)',4),(404035079608253,'姬百合-白多朵(進口切花)',4),(404035079608303,'姬百合-紅多朵(切花)',4),(404035079608353,'姬百合-紅多朵(進口切花)',4),(404035079608403,'姬百合-粉多朵(切花)',4),(404035079608453,'姬百合-粉多朵(進口切花)',4),(404035079608503,'姬百合-紫多朵(切花)',4),(404035079608553,'姬百合-紫多朵(進口切花)',4),(404035079608603,'姬百合-黃多朵(切花)',4),(404035079608653,'姬百合-黃多朵(進口切花)',4),(404035079608703,'姬百合-橙多朵(切花)',4),(404035079608753,'姬百合-橙多朵(進口切花)',4),(404035079608803,'葵百合-蘿拉紅多朵(切花)',4),(404035079608853,'葵百合-蘿拉紅多朵(進口切花)',4),(404035079608903,'葵百合-卡斯克德粉多朵(切花)',4),(404035079608953,'葵百合-卡斯克德粉多朵(進口切花)',4),(404035079609003,'葵百合-阿卡波克紅多朵(切花)',4),(404035079609053,'葵百合-阿卡波克紅多朵(進口切花)',4),(404035079609103,'葵百合-阿提亞多朵(切花)',4),(404035079609203,'葵百合-紅多朵(切花)',4),(404035079609253,'葵百合-紅多朵(進口切花)',4),(404035079609303,'葵百合-粉多朵(切花)',4),(404035079609353,'葵百合-粉多朵(進口切花)',4),(404035079609403,'葵百合-奧林匹克紅多朵(切花)',4),(404035079609453,'葵百合-奧林匹克紅多朵(進口切花)',4),(404035079609503,'葵百合-瑪麗之星多朵(切花)',4),(404035079609603,'葵百合-瑪麗粉多朵(切花)',4),(404035079609653,'葵百合-瑪麗粉多朵(進口切花)',4),(404035079609703,'鐵砲百合-白多朵(切花)',4),(404035079609753,'鐵砲百合-白多朵(進口切花)',4),(404035079609803,'鐵砲百合-白天使多朵(切花)',4),(404035079609903,'鐵砲百合-白狐多朵(切花)',4),(404035079610003,'鐵砲百合-紅多朵(切花)',4),(404035079610053,'鐵砲百合-紅多朵(進口切花)',4),(404035079610103,'鐵砲百合-粉多朵(切花)',4),(404035079610153,'鐵砲百合-粉多朵(進口切花)',4),(404035079610203,'鐵砲百合-雪后多朵(切花)',4),(404035079610303,'鐵砲百合-黃多朵(切花)',4),(404035079610353,'鐵砲百合-黃多朵(進口切花)',4),(404035079610403,'鐵砲百合-愛維塔多朵(切花)',4),(404035079610503,'鐵砲百合-雷山一號多朵(切花)',4),(404035079610553,'鐵砲百合-雷山一號多朵(進口切花)',4),(404035079610603,'臺灣百合-多朵(切花)',4),(404035079610653,'臺灣百合-多朵(進口切花)',4),(404035079999900,'百合-其他品種',4),(404035080000000,'鬱金香',4),(404035080000003,'鬱金香(切花)',4),(404035080000103,'鬱金香-白色(切花)',4),(404035080000153,'鬱金香-白色(進口切花)',4),(404035080000203,'鬱金香-紅色(切花)',4),(404035080000253,'鬱金香-紅色(進口切花)',4),(404035080000303,'鬱金香-粉色(切花)',4),(404035080000353,'鬱金香-粉色(進口切花)',4),(404035080000403,'鬱金香-紫色(切花)',4),(404035080000453,'鬱金香-紫色(進口切花)',4),(404035080000503,'鬱金香-黃色(切花)',4),(404035080000553,'鬱金香-黃色(進口切花)',4),(404035080000603,'鬱金香-橙色(切花)',4),(404035080000653,'鬱金香-橙色(進口切花)',4),(404035080000703,'鬱金香-雙色(切花)',4),(404035080000753,'鬱金香-雙色(進口切花)',4),(404035080999900,'鬱金香-其他品種',4),(404036081000000,'竹芋',4),(404036081000005,'竹芋(切葉)',4),(404036081000105,'竹芋-孔雀(切葉)',4),(404036081000155,'竹芋-孔雀(進口切葉)',4),(404037070000000,'袋鼠花',4),(404037070000003,'袋鼠花(切花)',4),(404037070000053,'袋鼠花(進口切花)',4),(404039013000000,'唐棉',4),(404039013000005,'唐棉(切葉)',4),(404039013000055,'唐棉(進口切葉)',4),(404044068000000,'羽扇豆',4),(404044068000003,'羽扇豆(切花)',4),(404044068000053,'羽扇豆(進口切花)',4),(404045084000000,'虎尾花',4),(404045084000003,'虎尾花(切花)',4),(404045084000053,'虎尾花(進口切花)',4),(404054095000000,'泡盛草',4),(404054095000003,'泡盛草(切花)',4),(404054095000053,'泡盛草(進口切花)',4),(404058033000000,'狐尾百合',4),(404058033000003,'狐尾百合(切花)',4),(404058033000053,'狐尾百合(進口切花)',4),(404058034000000,'萱草',4),(404058034000003,'萱草(切花)',4),(404058034000053,'萱草(進口切花)',4),(404058035000000,'火炬百合',4),(404058035000003,'火炬百合(切花)',4),(404058035000053,'火炬百合(進口切花)',4),(404058036000000,'紐西蘭麻',4),(404058036000005,'紐西蘭麻(切葉)',4),(404058036000055,'紐西蘭麻(進口切葉)',4),(404065060000000,'嘉蘭',4),(404065060000003,'嘉蘭(切花)',4),(404065060000053,'嘉蘭(進口切花)',4),(404065061000000,'宮燈百合',4),(404065061000003,'宮燈百合(切花)',4),(404065061000053,'宮燈百合(進口切花)',4),(404068054000000,'美人蕉',4),(404068054000003,'美人蕉(切花)',4),(404068054000053,'美人蕉(進口切花)',4),(404075097000000,'牛頭茄',4),(404075097000005,'牛頭茄(切葉)',4),(404075097000055,'牛頭茄(進口切葉)',4),(404075098000000,'聖誕果',4),(404075098000005,'聖誕果(切葉)',4),(404075098000055,'聖誕果(進口切葉)',4),(404076100000000,'水蠟燭',4),(404076100000005,'水蠟燭(切葉)',4),(404076100000055,'水蠟燭(進口切葉)',4),(404077073000000,'段菊',4),(404077073000003,'段菊(切花)',4),(404077073000053,'段菊(進口切花)',4),(404078099000000,'天堂鳥',4),(404078099000003,'天堂鳥(切花)',4),(404078099000005,'天堂鳥葉(切葉)',4),(404078099000053,'天堂鳥(進口切花)',4),(404078099000055,'天堂鳥葉(進口切葉)',4),(404081055000000,'三角桔梗',4),(404081055000003,'三角桔梗(切花)',4),(404081055000053,'三角桔梗(進口切花)',4),(404081056000000,'夕霧花',4),(404081056000003,'夕霧花(切花)',4),(404081056000053,'夕霧花(進口切花)',4),(404097064000000,'水莞',4),(404097064000004,'水莞(非組合式盆花)',4),(404097064000105,'水莞-斑太藺(切葉)',4),(404097064000155,'水莞-斑太藺(進口切葉)',4),(404097064999900,'水莞-其他品種',4),(404100063000000,'巨果薑',4),(404100063000003,'巨果薑(切花)',4),(404100063000053,'巨果薑(進口切花)',4),(404102012000000,'茴香',4),(404102012000103,'茴香-白雪(切花)',4),(404102012000153,'茴香-白雪(進口切花)',4),(404102012000203,'茴香-黃(切花)',4),(404102012000253,'茴香-黃(進口切花)',4),(404118037000000,'紫菀',4),(404118037000003,'紫菀(切花)',4),(404118037000103,'紫菀-粉(切花)',4),(404118037000153,'紫菀-粉(進口切花)',4),(404118037000203,'紫菀-紫(切花)',4),(404118037000253,'紫菀-紫(進口切花)',4),(404118037000303,'紫菀-友禪菊-白(切花)',4),(404118037000353,'紫菀-友禪菊-白(進口切花)',4),(404118037000403,'紫菀-白(切花)',4),(404118037000453,'紫菀-白(進口切花)',4),(404118037000503,'紫菀-雪珍珠-白(切花)',4),(404118037000603,'紫菀-春天-紫(切花)',4),(404118037999900,'紫菀-其他品種',4),(404118038000000,'小菊',4),(404118038000003,'小菊(切花)',4),(404118038000053,'小菊(進口切花)',4),(404118038000103,'小菊-貝雷(綠)(切花)',4),(404118038000203,'小菊-福澤(切花)',4),(404118038000253,'小菊-福澤(進口切花)',4),(404118038000303,'小菊-花花世界(切花)',4),(404118038000353,'小菊-花花世界(進口切花)',4),(404118038000403,'小菊-湯匙粉(切花)',4),(404118038000453,'小菊-湯匙粉(進口切花)',4),(404118038000503,'小菊-龍鳳紫(切花)',4),(404118038000553,'小菊-龍鳳紫(進口切花)',4),(404118038000603,'小菊-龍鳳小紅(切花)',4),(404118038000653,'小菊-龍鳳小紅(進口切花)',4),(404118038000703,'小菊-老虎紅(切花)',4),(404118038000753,'小菊-老虎紅(進口切花)',4),(404118038000803,'小菊-湯匙紅(切花)',4),(404118038000853,'小菊-湯匙紅(進口切花)',4),(404118038000903,'小菊-大一點紅(切花)',4),(404118038000953,'小菊-大一點紅(進口切花)',4),(404118038001003,'小菊-新丁字白(切花)',4),(404118038001053,'小菊-新丁字白(進口切花)',4),(404118038001103,'小菊-黃鑽石(切花)',4),(404118038001153,'小菊-黃鑽石(進口切花)',4),(404118038001203,'小菊-白鑽石(切花)',4),(404118038001303,'小菊-青心黃(切花)',4),(404118038001353,'小菊-青心黃(進口切花)',4),(404118038001403,'小菊-雙色紅(切花)',4),(404118038001453,'小菊-雙色紅(進口切花)',4),(404118038001503,'小菊-金風車(切花)',4),(404118038001553,'小菊-金風車(進口切花)',4),(404118038001603,'小菊-聖誕球(切花)',4),(404118038001653,'小菊-聖誕球(進口切花)',4),(404118038001703,'小菊-新達(粉)(切花)',4),(404118038001803,'小菊-椪柑(切花)',4),(404118038001853,'小菊-椪柑(進口切花)',4),(404118038001903,'小菊-黑心小黃(切花)',4),(404118038001953,'小菊-黑心小黃(進口切花)',4),(404118038002003,'小菊-一點黃(切花)',4),(404118038002103,'小菊-大陸粉(切花)',4),(404118038002153,'小菊-大陸粉(進口切花)',4),(404118038002203,'小菊-大新紅(切花)',4),(404118038002253,'小菊-大新紅(進口切花)',4),(404118038002303,'小菊-大新粉(切花)',4),(404118038002353,'小菊-大新粉(進口切花)',4),(404118038002403,'小菊-小光輝(切花)',4),(404118038002453,'小菊-小光輝(進口切花)',4),(404118038002503,'小菊-小老虎紅(切花)',4),(404118038002603,'小菊-小金紅(切花)',4),(404118038002653,'小菊-小金紅(進口切花)',4),(404118038002703,'小菊-小秋白(切花)',4),(404118038002753,'小菊-小秋白(進口切花)',4),(404118038002803,'小菊-小紅娘(切花)',4),(404118038002853,'小菊-小紅娘(進口切花)',4),(404118038002903,'小菊-鑽石紅(切花)',4),(404118038002953,'小菊-鑽石紅(進口切花)',4),(404118038003003,'小菊-小桃紅(切花)',4),(404118038003053,'小菊-小桃紅(進口切花)',4),(404118038003103,'小菊-小雪球白(切花)',4),(404118038003153,'小菊-小雪球白(進口切花)',4),(404118038003203,'小菊-川涼(切花)',4),(404118038003253,'小菊-川涼(進口切花)',4),(404118038003303,'小菊-日月小粉(切花)',4),(404118038003353,'小菊-日月小粉(進口切花)',4),(404118038003403,'小菊-日本小紅(切花)',4),(404118038003453,'小菊-日本小紅(進口切花)',4),(404118038003503,'小菊-日本絨紅(切花)',4),(404118038003603,'小菊-日本黃(切花)',4),(404118038003653,'小菊-日本黃(進口切花)',4),(404118038003703,'小菊-日曆小粉(切花)',4),(404118038003753,'小菊-日曆小粉(進口切花)',4),(404118038003803,'小菊-木瓜黃(切花)',4),(404118038003853,'小菊-木瓜黃(進口切花)',4),(404118038003903,'小菊-木瓜黃(重瓣)(切花)',4),(404118038003953,'小菊-木瓜黃(重瓣)(進口切花)',4),(404118038004003,'小菊-水玲瓏(切花)',4),(404118038004053,'小菊-水玲瓏(進口切花)',4),(404118038004103,'小菊-冬月小黃(切花)',4),(404118038004153,'小菊-冬月小黃(進口切花)',4),(404118038004203,'小菊-卡洛琳(切花)',4),(404118038004303,'小菊-白(切花)',4),(404118038004353,'小菊-白(進口切花)',4),(404118038004403,'小菊-白丁字菊(切花)',4),(404118038004453,'小菊-白丁字菊(進口切花)',4),(404118038004503,'小菊-白乒乓(切花)',4),(404118038004553,'小菊-白乒乓(進口切花)',4),(404118038004603,'小菊-白初朝(切花)',4),(404118038004653,'小菊-白初朝(進口切花)',4),(404118038004703,'小菊-白斯不列(切花)',4),(404118038004753,'小菊-白斯不列(進口切花)',4),(404118038004803,'小菊-白瑪格麗特(切花)',4),(404118038004853,'小菊-白瑪格麗特(進口切花)',4),(404118038004903,'小菊-白銅錢(切花)',4),(404118038004953,'小菊-白銅錢(進口切花)',4),(404118038005003,'小菊-白觀音(切花)',4),(404118038005053,'小菊-白觀音(進口切花)',4),(404118038005103,'小菊-白鑽石(切花)',4),(404118038005153,'小菊-白鑽石(進口切花)',4),(404118038005203,'小菊-吉祥小粉(切花)',4),(404118038005253,'小菊-吉祥小粉(進口切花)',4),(404118038005303,'小菊-吉祥白(切花)',4),(404118038005403,'小菊-吉祥金(切花)',4),(404118038005453,'小菊-吉祥金(進口切花)',4),(404118038005503,'小菊-吉祥黃(切花)',4),(404118038005603,'小菊-多朵秀鳳(切花)',4),(404118038005653,'小菊-多朵秀鳳(進口切花)',4),(404118038005703,'小菊-如玉(切花)',4),(404118038005753,'小菊-如玉(進口切花)',4),(404118038005803,'小菊-百花小紅(切花)',4),(404118038005853,'小菊-百花小紅(進口切花)',4),(404118038005903,'小菊-辛達紫紅(切花)',4),(404118038006003,'小菊-邦白(切花)',4),(404118038006103,'小菊-咖哩小紅(切花)',4),(404118038006153,'小菊-咖哩小紅(進口切花)',4),(404118038006203,'小菊-咖啡小紅(切花)',4),(404118038006253,'小菊-咖啡小紅(進口切花)',4),(404118038006303,'小菊-奇濃綠乒乓(切花)',4),(404118038006403,'小菊-林克小白(切花)',4),(404118038006503,'小菊-林克小金(切花)',4),(404118038006603,'小菊-林克小粉(切花)',4),(404118038006703,'小菊-林哥紅(切花)',4),(404118038006753,'小菊-林哥紅(進口切花)',4),(404118038006803,'小菊-林哥粉(切花)',4),(404118038006853,'小菊-林哥粉(進口切花)',4),(404118038006903,'小菊-法國小紅(切花)',4),(404118038007003,'小菊-法國小菊白(切花)',4),(404118038007153,'小菊-法國小菊黃(進口切花)',4),(404118038007203,'小菊-炎陽粉(切花)',4),(404118038007253,'小菊-炎陽粉(進口切花)',4),(404118038007303,'小菊-空心白(長瓣)(切花)',4),(404118038007353,'小菊-空心白(長瓣)(進口切花)',4),(404118038007403,'小菊-空心白(短瓣)(切花)',4),(404118038007453,'小菊-空心白(短瓣)(進口切花)',4),(404118038007503,'小菊-空心紅(切花)',4),(404118038007553,'小菊-空心紅(進口切花)',4),(404118038007603,'小菊-空心粉(切花)',4),(404118038007653,'小菊-空心粉(進口切花)',4),(404118038007703,'小菊-空心黃(切花)',4),(404118038007753,'小菊-空心黃(進口切花)',4),(404118038007803,'小菊-芬蘭(切花)',4),(404118038007903,'小菊-芬蘭小白(切花)',4),(404118038008003,'小菊-芬蘭小粉(切花)',4),(404118038008103,'小菊-金(切花)',4),(404118038008153,'小菊-金(進口切花)',4),(404118038008203,'小菊-金小菊(切花)',4),(404118038008253,'小菊-金小菊(進口切花)',4),(404118038008303,'小菊-金孔雀(切花)',4),(404118038008353,'小菊-金孔雀(進口切花)',4),(404118038008403,'小菊-金初鳳(切花)',4),(404118038008453,'小菊-金初鳳(進口切花)',4),(404118038008503,'小菊-金咖啡(切花)',4),(404118038008553,'小菊-金咖啡(進口切花)',4),(404118038008603,'小菊-金斯不列(切花)',4),(404118038008653,'小菊-金斯不列(進口切花)',4),(404118038008703,'小菊-金絲黃(切花)',4),(404118038008803,'小菊-阿來粉(切花)',4),(404118038008853,'小菊-阿來粉(進口切花)',4),(404118038008903,'小菊-青心小白(切花)',4),(404118038008953,'小菊-青心小白(進口切花)',4),(404118038009003,'小菊-南港粉(切花)',4),(404118038009103,'小菊-哈雷紅(切花)',4),(404118038009153,'小菊-哈雷紅(進口切花)',4),(404118038009203,'小菊-哈雷粉(切花)',4),(404118038009253,'小菊-哈雷粉(進口切花)',4),(404118038009303,'小菊-珍珠白(切花)',4),(404118038009403,'小菊-珍珠金(切花)',4),(404118038009503,'小菊-珍珠紅(切花)',4),(404118038009553,'小菊-珍珠紅(進口切花)',4),(404118038009603,'小菊-珍珠粉(切花)',4),(404118038009653,'小菊-珍珠粉(進口切花)',4),(404118038009703,'小菊-相思小白(切花)',4),(404118038009753,'小菊-相思小白(進口切花)',4),(404118038009803,'小菊-秋陽(切花)',4),(404118038009853,'小菊-秋陽(進口切花)',4),(404118038009903,'小菊-紅(切花)',4),(404118038009953,'小菊-紅(進口切花)',4),(404118038010003,'小菊-紅天星(切花)',4),(404118038010053,'小菊-紅天星(進口切花)',4),(404118038010103,'小菊-紅日(切花)',4),(404118038010153,'小菊-紅日(進口切花)',4),(404118038010203,'小菊-紅如意(切花)',4),(404118038010303,'小菊-紅初朝(切花)',4),(404118038010353,'小菊-紅初朝(進口切花)',4),(404118038010403,'小菊-紅初鳳(切花)',4),(404118038010453,'小菊-紅初鳳(進口切花)',4),(404118038010503,'小菊-紅炎(切花)',4),(404118038010553,'小菊-紅炎(進口切花)',4),(404118038010603,'小菊-紅玫(切花)',4),(404118038010703,'小菊-紅花娘(切花)',4),(404118038010753,'小菊-紅花娘(進口切花)',4),(404118038010803,'小菊-紅美人(切花)',4),(404118038010853,'小菊-紅美人(進口切花)',4),(404118038010903,'小菊-紅風車(切花)',4),(404118038010953,'小菊-紅風車(進口切花)',4),(404118038011003,'小菊-紅斯不列(切花)',4),(404118038011053,'小菊-紅斯不列(進口切花)',4),(404118038011103,'小菊-紅銅錢(切花)',4),(404118038011153,'小菊-紅銅錢(進口切花)',4),(404118038011203,'小菊-紅鳳(切花)',4),(404118038011253,'小菊-紅鳳(進口切花)',4),(404118038011303,'小菊-美麗小粉(切花)',4),(404118038011403,'小菊-英國風車(切花)',4),(404118038011453,'小菊-英國風車(進口切花)',4),(404118038011503,'小菊-香檳哈雷(切花)',4),(404118038011553,'小菊-香檳哈雷(進口切花)',4),(404118038011603,'小菊-桃太郎(切花)',4),(404118038011653,'小菊-桃太郎(進口切花)',4),(404118038011703,'小菊-桃枝(切花)',4),(404118038011753,'小菊-桃枝(進口切花)',4),(404118038011803,'小菊-粉(切花)',4),(404118038011853,'小菊-粉(進口切花)',4),(404118038011903,'小菊-粉日記(切花)',4),(404118038011953,'小菊-粉日記(進口切花)',4),(404118038012003,'小菊-粉火焰(切花)',4),(404118038012053,'小菊-粉火焰(進口切花)',4),(404118038012103,'小菊-粉乒乓(切花)',4),(404118038012153,'小菊-粉乒乓(進口切花)',4),(404118038012203,'小菊-粉佳人(切花)',4),(404118038012253,'小菊-粉佳人(進口切花)',4),(404118038012303,'小菊-粉初鳳(切花)',4),(404118038012353,'小菊-粉初鳳(進口切花)',4),(404118038012403,'小菊-粉炎(切花)',4),(404118038012453,'小菊-粉炎(進口切花)',4),(404118038012503,'小菊-粉風車(切花)',4),(404118038012553,'小菊-粉風車(進口切花)',4),(404118038012603,'小菊-粉斯不列(切花)',4),(404118038012653,'小菊-粉斯不列(進口切花)',4),(404118038012703,'小菊-粉觀音(切花)',4),(404118038012753,'小菊-粉觀音(進口切花)',4),(404118038012803,'小菊-迷你翠菊(切花)',4),(404118038012853,'小菊-迷你翠菊(進口切花)',4),(404118038012903,'小菊-彩雲(切花)',4),(404118038013003,'小菊-淺小金(切花)',4),(404118038013053,'小菊-淺小金(進口切花)',4),(404118038013153,'小菊-荷蘭小白(進口切花)',4),(404118038013203,'小菊-荷蘭粉(切花)',4),(404118038013253,'小菊-荷蘭粉(進口切花)',4),(404118038013303,'小菊-荷蘭黃(切花)',4),(404118038013353,'小菊-荷蘭黃(進口切花)',4),(404118038013403,'小菊-寒初朝(切花)',4),(404118038013453,'小菊-寒初朝(進口切花)',4),(404118038013503,'小菊-棒棒糖-粉(切花)',4),(404118038013603,'小菊-湯匙黃(切花)',4),(404118038013653,'小菊-湯匙黃(進口切花)',4),(404118038013703,'小菊-鈕扣菊白(切花)',4),(404118038013753,'小菊-鈕扣菊白(進口切花)',4),(404118038013803,'小菊-鈕扣菊黃(切花)',4),(404118038013853,'小菊-鈕扣菊黃(進口切花)',4),(404118038013903,'小菊-鈕扣菊綠(切花)',4),(404118038014003,'小菊-陽炎小紅(切花)',4),(404118038014053,'小菊-陽炎小紅(進口切花)',4),(404118038014103,'小菊-黃(切花)',4),(404118038014153,'小菊-黃(進口切花)',4),(404118038014203,'小菊-黃丁字菊(切花)',4),(404118038014253,'小菊-黃丁字菊(進口切花)',4),(404118038014303,'小菊-黃乒乓(切花)',4),(404118038014353,'小菊-黃乒乓(進口切花)',4),(404118038014403,'小菊-黃初朝(切花)',4),(404118038014453,'小菊-黃初朝(進口切花)',4),(404118038014503,'小菊-黃金月(切花)',4),(404118038014553,'小菊-黃金月(進口切花)',4),(404118038014603,'小菊-黃風車(切花)',4),(404118038014703,'小菊-黃斯不列(切花)',4),(404118038014753,'小菊-黃斯不列(進口切花)',4),(404118038014803,'小菊-黃瑪格麗特(切花)',4),(404118038014853,'小菊-黃瑪格麗特(進口切花)',4),(404118038014903,'小菊-黃銅錢(切花)',4),(404118038014953,'小菊-黃銅錢(進口切花)',4),(404118038015003,'小菊-新秋陽(切花)',4),(404118038015103,'小菊-跳舞白(切花)',4),(404118038015153,'小菊-跳舞白(進口切花)',4),(404118038015203,'小菊-跳舞黃(切花)',4),(404118038015253,'小菊-跳舞黃(進口切花)',4),(404118038015303,'小菊-瑪格麗特粉(切花)',4),(404118038015353,'小菊-瑪格麗特粉(進口切花)',4),(404118038015403,'小菊-綠(切花)',4),(404118038015453,'小菊-綠(進口切花)',4),(404118038015503,'小菊-綠絲菊(切花)',4),(404118038015603,'小菊-翠玉(切花)',4),(404118038015653,'小菊-翠玉(進口切花)',4),(404118038015703,'小菊-舞風車(切花)',4),(404118038015753,'小菊-舞風車(進口切花)',4),(404118038015803,'小菊-蒙那麗莎陽光黃(切花)',4),(404118038015903,'小菊-德國風車(切花)',4),(404118038015953,'小菊-德國風車(進口切花)',4),(404118038016003,'小菊-雙色金紅(切花)',4),(404118038016053,'小菊-雙色金紅(進口切花)',4),(404118038016103,'小菊-雙色金黃(切花)',4),(404118038016153,'小菊-雙色金黃(進口切花)',4),(404118038016203,'小菊-雞眼小白(切花)',4),(404118038016253,'小菊-雞眼小白(進口切花)',4),(404118038016303,'小菊-瓊桃粉(切花)',4),(404118038016353,'小菊-瓊桃粉(進口切花)',4),(404118038016403,'小菊-露水小紅(切花)',4),(404118038016453,'小菊-露水小紅(進口切花)',4),(404118038999900,'小菊-其他品種',4),(404118039000000,'大菊',4),(404118039000003,'大菊(切花)',4),(404118039000053,'大菊(進口切花)',4),(404118039000103,'大菊-金莎(切花)',4),(404118039000203,'大菊-丁字菊(切花)',4),(404118039000253,'大菊-丁字菊(進口切花)',4),(404118039000303,'大菊-千台英(切花)',4),(404118039000353,'大菊-千台英(進口切花)',4),(404118039000403,'大菊-大頭白(切花)',4),(404118039000453,'大菊-大頭白(進口切花)',4),(404118039000503,'大菊-大頭黃(切花)',4),(404118039000553,'大菊-大頭黃(進口切花)',4),(404118039000603,'大菊-日本白(切花)',4),(404118039000653,'大菊-日本白(進口切花)',4),(404118039000703,'大菊-日本黃(切花)',4),(404118039000753,'大菊-日本黃(進口切花)',4),(404118039000803,'大菊-木瓜黃(切花)',4),(404118039000853,'大菊-木瓜黃(進口切花)',4),(404118039000903,'大菊-世界一(切花)',4),(404118039000953,'大菊-世界一(進口切花)',4),(404118039001003,'大菊-仙桃光(切花)',4),(404118039001053,'大菊-仙桃光(進口切花)',4),(404118039001103,'大菊-冬王(切花)',4),(404118039001153,'大菊-冬王(進口切花)',4),(404118039001203,'大菊-平頭粉(切花)',4),(404118039001253,'大菊-平頭粉(進口切花)',4),(404118039001303,'大菊-白(切花)',4),(404118039001353,'大菊-白(進口切花)',4),(404118039001403,'大菊-白八媛(切花)',4),(404118039001453,'大菊-白八媛(進口切花)',4),(404118039001503,'大菊-白大將(切花)',4),(404118039001553,'大菊-白大將(進口切花)',4),(404118039001603,'大菊-白天星(切花)',4),(404118039001653,'大菊-白天星(進口切花)',4),(404118039001703,'大菊-白玉(切花)',4),(404118039001753,'大菊-白玉(進口切花)',4),(404118039001803,'大菊-白乒乓(切花)',4),(404118039001853,'大菊-白乒乓(進口切花)',4),(404118039001903,'大菊-白牡丹(切花)',4),(404118039002003,'大菊-白秀鳳(切花)',4),(404118039002053,'大菊-白秀鳳(進口切花)',4),(404118039002103,'大菊-白東洋(切花)',4),(404118039002153,'大菊-白東洋(進口切花)',4),(404118039002203,'大菊-白雪山(切花)',4),(404118039002253,'大菊-白雪山(進口切花)',4),(404118039002303,'大菊-白斯不列(切花)',4),(404118039002353,'大菊-白斯不列(進口切花)',4),(404118039002403,'大菊-白領(切花)',4),(404118039002453,'大菊-白領(進口切花)',4),(404118039002503,'大菊-白鳳(切花)',4),(404118039002553,'大菊-白鳳(進口切花)',4),(404118039002603,'大菊-安娜深綠(切花)',4),(404118039002703,'大菊-尖葉黃(切花)',4),(404118039002753,'大菊-尖葉黃(進口切花)',4),(404118039002803,'大菊-妙心(切花)',4),(404118039002853,'大菊-妙心(進口切花)',4),(404118039002903,'大菊-杏紅(切花)',4),(404118039002953,'大菊-杏紅(進口切花)',4),(404118039003003,'大菊-牡丹(切花)',4),(404118039003103,'大菊-咖哩紅(切花)',4),(404118039003153,'大菊-咖哩紅(進口切花)',4),(404118039003203,'大菊-奇濃綠乒乓(切花)',4),(404118039003303,'大菊-芭迪卡(切花)',4),(404118039003403,'大菊-花御殿(切花)',4),(404118039003453,'大菊-花御殿(進口切花)',4),(404118039003503,'大菊-金(切花)',4),(404118039003553,'大菊-金(進口切花)',4),(404118039003603,'大菊-金初鳳(切花)',4),(404118039003605,'大菊-金初鳳(切葉)',4),(404118039003703,'大菊-金莎(切花)',4),(404118039003753,'大菊-金莎(進口切花)',4),(404118039003803,'大菊-金莎黃(切花)',4),(404118039003903,'大菊-金嗓(切花)',4),(404118039004003,'大菊-青心黃(切花)',4),(404118039004053,'大菊-青心黃(進口切花)',4),(404118039004103,'大菊-紅(切花)',4),(404118039004153,'大菊-紅(進口切花)',4),(404118039004203,'大菊-紅秀鳳(切花)',4),(404118039004253,'大菊-紅秀鳳(進口切花)',4),(404118039004303,'大菊-紅初鳳(切花)',4),(404118039004353,'大菊-紅初鳳(進口切花)',4),(404118039004403,'大菊-紅玫瑰(切花)',4),(404118039004503,'大菊-紅貴妃(切花)',4),(404118039004553,'大菊-紅貴妃(進口切花)',4),(404118039004603,'大菊-紅鳳(切花)',4),(404118039004653,'大菊-紅鳳(進口切花)',4),(404118039004703,'大菊-英國紅(切花)',4),(404118039004753,'大菊-英國紅(進口切花)',4),(404118039004803,'大菊-香港紅(切花)',4),(404118039004853,'大菊-香港紅(進口切花)',4),(404118039004903,'大菊-桃太郎(切花)',4),(404118039004953,'大菊-桃太郎(進口切花)',4),(404118039005003,'大菊-粉(切花)',4),(404118039005053,'大菊-粉(進口切花)',4),(404118039005103,'大菊-粉八媛(切花)',4),(404118039005153,'大菊-粉八媛(進口切花)',4),(404118039005203,'大菊-粉乒乓(切花)',4),(404118039005253,'大菊-粉乒乓(進口切花)',4),(404118039005303,'大菊-粉初鳳(切花)',4),(404118039005353,'大菊-粉初鳳(進口切花)',4),(404118039005403,'大菊-粉皇冠(切花)',4),(404118039005503,'大菊-國王(切花)',4),(404118039005603,'大菊-梅西(切花)',4),(404118039005703,'大菊-莎瑪(切花)',4),(404118039005803,'大菊-莎瑪奶油黃(切花)',4),(404118039005903,'大菊-硬枝紅(切花)',4),(404118039005953,'大菊-硬枝紅(進口切花)',4),(404118039006003,'大菊-硬枝粉(切花)',4),(404118039006053,'大菊-硬枝粉(進口切花)',4),(404118039006103,'大菊-陽炎(切花)',4),(404118039006153,'大菊-陽炎(進口切花)',4),(404118039006203,'大菊-雁之妃(切花)',4),(404118039006253,'大菊-雁之妃(進口切花)',4),(404118039006303,'大菊-雲水(切花)',4),(404118039006353,'大菊-雲水(進口切花)',4),(404118039006403,'大菊-黃(切花)',4),(404118039006453,'大菊-黃(進口切花)',4),(404118039006503,'大菊-黃丁字菊(切花)',4),(404118039006553,'大菊-黃丁字菊(進口切花)',4),(404118039006603,'大菊-黃八媛(切花)',4),(404118039006653,'大菊-黃八媛(進口切花)',4),(404118039006703,'大菊-黃月友(切花)',4),(404118039006753,'大菊-黃月友(進口切花)',4),(404118039006803,'大菊-黃乒乓(切花)',4),(404118039006853,'大菊-黃乒乓(進口切花)',4),(404118039006903,'大菊-黃秀鳳(切花)',4),(404118039006953,'大菊-黃秀鳳(進口切花)',4),(404118039007003,'大菊-黃東亞(切花)',4),(404118039007053,'大菊-黃東亞(進口切花)',4),(404118039007103,'大菊-黃東陽(切花)',4),(404118039007153,'大菊-黃東陽(進口切花)',4),(404118039007203,'大菊-黃斯不列(切花)',4),(404118039007253,'大菊-黃斯不列(進口切花)',4),(404118039007303,'大菊-黃精競(切花)',4),(404118039007353,'大菊-黃精競(進口切花)',4),(404118039007403,'大菊-新力紅(切花)',4),(404118039007453,'大菊-新力紅(進口切花)',4),(404118039007503,'大菊-新王妃(切花)',4),(404118039007553,'大菊-新王妃(進口切花)',4),(404118039007603,'大菊-新東亞(切花)',4),(404118039007653,'大菊-新東亞(進口切花)',4),(404118039007703,'大菊-新粉紅(切花)',4),(404118039007753,'大菊-新粉紅(進口切花)',4),(404118039007803,'大菊-新種黃(切花)',4),(404118039007853,'大菊-新種黃(進口切花)',4),(404118039007903,'大菊-矮仔黃(切花)',4),(404118039007953,'大菊-矮仔黃(進口切花)',4),(404118039008003,'大菊-精英白(切花)',4),(404118039008053,'大菊-精英白(進口切花)',4),(404118039008103,'大菊-精英金(切花)',4),(404118039008153,'大菊-精英金(進口切花)',4),(404118039008203,'大菊-精英粉(切花)',4),(404118039008253,'大菊-精英粉(進口切花)',4),(404118039008303,'大菊-綠(切花)',4),(404118039008353,'大菊-綠(進口切花)',4),(404118039008403,'大菊-綠乒乓(切花)',4),(404118039008453,'大菊-綠乒乓(進口切花)',4),(404118039008503,'大菊-綠絲菊(切花)',4),(404118039008553,'大菊-綠絲菊(進口切花)',4),(404118039008603,'大菊-德國紅(切花)',4),(404118039008653,'大菊-德國紅(進口切花)',4),(404118039008703,'大菊-顏之春(切花)',4),(404118039008753,'大菊-顏之春(進口切花)',4),(404118039008803,'大菊-簽粉(切花)',4),(404118039008853,'大菊-簽粉(進口切花)',4),(404118039008903,'大菊-羅莎諾粉(切花)',4),(404118039999900,'大菊-其他品種',4),(404118040000000,'麵線菊',4),(404118040000003,'麵線菊(切花)',4),(404118040000103,'麵線菊-白(切花)',4),(404118040000153,'麵線菊-白(進口切花)',4),(404118040000203,'麵線菊-白-小菊(切花)',4),(404118040000303,'麵線菊-紅(切花)',4),(404118040000353,'麵線菊-紅(進口切花)',4),(404118040000403,'麵線菊-粉-小菊(切花)',4),(404118040000553,'麵線菊-黃(進口切花)',4),(404118040000603,'麵線菊-黃-小菊(切花)',4),(404118040999900,'麵線菊-其他品種',4),(404118041000000,'波斯菊',4),(404118041000003,'波斯菊(切花)',4),(404118041000053,'波斯菊(進口切花)',4),(404118042000000,'大理花',4),(404118042000003,'大理花(切花)',4),(404118042000103,'大理花-白(切花)',4),(404118042000203,'大理花-紅(切花)',4),(404118042000253,'大理花-紅色(進口切花)',4),(404118042000303,'大理花-粉(切花)',4),(404118042000353,'大理花-粉色(進口切花)',4),(404118042000403,'大理花-紫(切花)',4),(404118042000453,'大理花-紫色(進口切花)',4),(404118042000503,'大理花-黃(切花)',4),(404118042000553,'大理花-黃色(進口切花)',4),(404118042000603,'大理花-雙色(切花)',4),(404118042000653,'大理花-雙色(進口切花)',4),(404118042999900,'大理花-其他品種',4),(404118043000000,'白藍菊',4),(404118043000003,'白藍菊(切花)',4),(404118043000053,'白藍菊(進口切花)',4),(404118044000000,'山防風',4),(404118044000003,'山防風(切花)',4),(404118045000000,'非洲菊',4),(404118045000003,'非洲菊(切花)',4),(404118045000053,'非洲菊(進口切花)',4),(404118045000103,'非洲菊-希蘿(切花)',4),(404118045000203,'非洲菊-沙丘(切花)',4),(404118045000253,'非洲菊-沙丘(進口切花)',4),(404118045000303,'非洲菊-熱浪(切花)',4),(404118045000403,'非洲菊-粉佳人(切花)',4),(404118045000453,'非洲菊-粉佳人(進口切花)',4),(404118045000503,'非洲菊-莉朵(切花)',4),(404118045000603,'非洲菊-蘿瑞托(切花)',4),(404118045000703,'非洲菊-華麗(切花)',4),(404118045000803,'非洲菊-雷諾(切花)',4),(404118045000903,'非洲菊-梅蘿絲(切花)',4),(404118045001003,'非洲菊-紅水晶(切花)',4),(404118045001103,'非洲菊-慕尼拉(切花)',4),(404118045001203,'非洲菊-拿破崙(切花)',4),(404118045001303,'非洲菊-南丁格爾(切花)',4),(404118045001403,'非洲菊-歐林(切花)',4),(404118045001503,'非洲菊-粉紅魅力(切花)',4),(404118045001603,'非洲菊-波波(切花)',4),(404118045001703,'非洲菊-蘿莎琳(切花)',4),(404118045001803,'非洲菊-太陽神(切花)',4),(404118045001853,'非洲菊-太陽神(進口切花)',4),(404118045001903,'非洲菊-白雪(切花)',4),(404118045002003,'非洲菊-比安可(切花)',4),(404118045002103,'非洲菊-火花(切花)',4),(404118045002203,'非洲菊-白(切花)',4),(404118045002253,'非洲菊-白(進口切花)',4),(404118045002303,'非洲菊-白熊(切花)',4),(404118045002403,'非洲菊-伊斯瑪拉(切花)',4),(404118045002453,'非洲菊-伊斯瑪拉(進口切花)',4),(404118045002503,'非洲菊-哈比(切花)',4),(404118045002603,'非洲菊-紅(切花)',4),(404118045002653,'非洲菊-紅(進口切花)',4),(404118045002703,'非洲菊-紅巴黎(切花)',4),(404118045002803,'非洲菊-飛兒(切花)',4),(404118045002903,'非洲菊-粉(切花)',4),(404118045002953,'非洲菊-粉(進口切花)',4),(404118045003003,'非洲菊-粉紅佳人(切花)',4),(404118045003053,'非洲菊-粉紅佳人(進口切花)',4),(404118045003103,'非洲菊-粉美麗(切花)',4),(404118045003203,'非洲菊-迷你白(切花)',4),(404118045003253,'非洲菊-迷你白(進口切花)',4),(404118045003303,'非洲菊-迷你紅(切花)',4),(404118045003353,'非洲菊-迷你紅(進口切花)',4),(404118045003403,'非洲菊-迷你粉(切花)',4),(404118045003453,'非洲菊-迷你粉(進口切花)',4),(404118045003503,'非洲菊-迷你紫(切花)',4),(404118045003553,'非洲菊-迷你紫(進口切花)',4),(404118045003603,'非洲菊-迷你黃(切花)',4),(404118045003653,'非洲菊-迷你黃(進口切花)',4),(404118045003703,'非洲菊-迷你橙(切花)',4),(404118045003753,'非洲菊-迷你橙(進口切花)',4),(404118045003803,'非洲菊-紫(切花)',4),(404118045003853,'非洲菊-紫(進口切花)',4),(404118045003903,'非洲菊-紫王子(切花)',4),(404118045003953,'非洲菊-紫王子(進口切花)',4),(404118045004003,'非洲菊-黃(切花)',4),(404118045004053,'非洲菊-黃(進口切花)',4),(404118045004103,'非洲菊-瑪利亞(切花)',4),(404118045004203,'非洲菊-瑪露西亞(切花)',4),(404118045004303,'非洲菊-橙(切花)',4),(404118045004353,'非洲菊-橙(進口切花)',4),(404118045004403,'非洲菊-雙色紅(切花)',4),(404118045004453,'非洲菊-雙色紅(進口切花)',4),(404118045004503,'非洲菊-達利奇(切花)',4),(404118045999900,'非洲菊-其他品種',4),(404118046000000,'麟麟菊',4),(404118046000003,'麟麟菊(切花)',4),(404118046000053,'麟麟菊(進口切花)',4),(404118046000103,'麟麟菊-白(切花)',4),(404118046000153,'麟麟菊-白(進口切花)',4),(404118047000000,'澳洲鼓槌菊',4),(404118047000003,'澳洲鼓槌菊(切花)',4),(404118048000000,'一枝黃花',4),(404118048000003,'一枝黃花(切花)',4),(404118048000103,'一枝黃花-麒麟草(切花)',4),(404118048000153,'一枝黃花-麒麟草(進口切花)',4),(404118048000203,'一枝黃花-金慧星(切花)',4),(404118048000253,'一枝黃花-金慧星(進口切花)',4),(404118048999900,'一枝黃花-其他品種',4),(404118049000000,'琉璃菊',4),(404118049000003,'琉璃菊(切花)',4),(404118049000053,'琉璃菊(進口切花)',4),(404118050000000,'麥桿菊',4),(404118050000003,'麥桿菊(切花)',4),(404118050000006,'麥桿菊(乾燥花)',4),(404118050000053,'麥桿菊(進口切花)',4),(404119001000000,'菖蒲',4),(404119001000005,'菖蒲(切葉)',4),(404136083000000,'睡蓮',4),(404136083000003,'睡蓮(切花)',4),(404136083000053,'睡蓮(進口切花)',4),(404137071000000,'赫蕉',4),(404137071000003,'赫蕉(切花)',4),(404137071000053,'赫蕉(進口切花)',4),(404137071000103,'赫蕉-十日垂蕉(切花)',4),(404137071000203,'赫蕉-翡翠鳥(切花)',4),(404137071000303,'赫蕉-小鶴蕉(切花)',4),(404137071000353,'赫蕉-小鶴蕉(進口切花)',4),(404137071000403,'赫蕉-黃金鳥(切花)',4),(404137071000453,'赫蕉-黃金鳥(進口切花)',4),(404137071000503,'赫蕉-小天堂鳥-紅(切花)',4),(404137071000553,'赫蕉-小天堂鳥-紅(進口切花)',4),(404137071000603,'赫蕉-小天堂鳥-桔帶紅(切花)',4),(404137071000653,'赫蕉-小天堂鳥-桔帶紅(進口切花)',4),(404137071000703,'赫蕉-小天堂鳥-粉紅(切花)',4),(404137071000753,'赫蕉-小天堂鳥-粉紅(進口切花)',4),(404137071000803,'赫蕉-小天堂鳥-黃(切花)',4),(404137071000853,'赫蕉-小天堂鳥-黃(進口切花)',4),(404137071000903,'赫蕉-垂蕉(切花)',4),(404137071000953,'赫蕉-垂蕉(進口切花)',4),(404137071001003,'赫蕉-鶴蕉-紅美人(切花)',4),(404137071001103,'赫蕉-鶴蕉-黑美人(切花)',4),(404137071001203,'赫蕉-紅娘垂蕉(切花)',4),(404137071001303,'赫蕉-錦鳳垂蕉(切花)',4),(404137071999900,'赫蕉-其他品種',4),(404143051000000,'蜻蜓鳳梨',4),(404143051000003,'蜻蜓鳳梨(切花)',4),(404143051000103,'蜻蜓鳳梨-珊瑚鳳梨(切花)',4),(404143051999900,'蜻蜓鳳梨-其他品種',4),(404143052000000,'觀果鳳梨',4),(404143052000003,'觀果鳳梨(切花)',4),(404143052000053,'觀果鳳梨(進口切花)',4),(404143053000000,'擎天鳳梨',4),(404143053000003,'擎天鳳梨(切花)',4),(404143053000053,'擎天鳳梨(進口切花)',4),(404143053000105,'擎天鳳梨-紅星鳳梨(切葉)',4),(404143053000155,'擎天鳳梨-紅星鳳梨(進口切葉)',4),(404143053999900,'擎天鳳梨-其他品種',4),(404144074000000,'小蒼蘭',4),(404144074000003,'小蒼蘭(切花)',4),(404144074000103,'小蒼蘭-紅(切花)',4),(404144074000153,'小蒼蘭-紅色(進口切花)',4),(404144074000203,'小蒼蘭-白(切花)',4),(404144074000253,'小蒼蘭-白色(進口切花)',4),(404144074000303,'小蒼蘭-粉(切花)',4),(404144074000353,'小蒼蘭-粉色(進口切花)',4),(404144074000403,'小蒼蘭-紫(切花)',4),(404144074000453,'小蒼蘭-紫色(進口切花)',4),(404144074000503,'小蒼蘭-黃(切花)',4),(404144074000553,'小蒼蘭-黃色(進口切花)',4),(404144074000603,'小蒼蘭-橙(切花)',4),(404144074000653,'小蒼蘭-橙色(進口切花)',4),(404144074999900,'小蒼蘭-其他品種',4),(404144075000000,'劍蘭',4),(404144075000003,'劍蘭(切花)',4),(404144075000053,'劍蘭(進口切花)',4),(404144075000103,'劍蘭-新種紅(切花)',4),(404144075000153,'劍蘭-新種紅(進口切花)',4),(404144075000203,'劍蘭-阿姆斯特丹(切花)',4),(404144075000253,'劍蘭-阿姆斯特丹(進口切花)',4),(404144075000303,'劍蘭-胭脂紅(切花)',4),(404144075000353,'劍蘭-胭脂紅(進口切花)',4),(404144075000403,'劍蘭-223號(切花)',4),(404144075000453,'劍蘭-223號(進口切花)',4),(404144075000503,'劍蘭-278號(切花)',4),(404144075000553,'劍蘭-278號(進口切花)',4),(404144075000603,'劍蘭-4436號(切花)',4),(404144075000653,'劍蘭-4436號(進口切花)',4),(404144075000703,'劍蘭-櫻紅(切花)',4),(404144075000753,'劍蘭-櫻紅(進口切花)',4),(404144075000803,'劍蘭-4號(切花)',4),(404144075000853,'劍蘭-4號(進口切花)',4),(404144075000903,'劍蘭-265號(切花)',4),(404144075000953,'劍蘭-265號(進口切花)',4),(404144075001003,'劍蘭-13號(切花)',4),(404144075001053,'劍蘭-13號(進口切花)',4),(404144075001103,'劍蘭-玫瑰紅(切花)',4),(404144075001153,'劍蘭-玫瑰紅(進口切花)',4),(404144075001203,'劍蘭-夏日玫瑰(切花)',4),(404144075001253,'劍蘭-夏日玫瑰(進口切花)',4),(404144075001303,'劍蘭-515號(切花)',4),(404144075001353,'劍蘭-515號(進口切花)',4),(404144075001403,'劍蘭-42號(切花)',4),(404144075001453,'劍蘭-42號(進口切花)',4),(404144075001503,'劍蘭-235號(切花)',4),(404144075001553,'劍蘭-235號(進口切花)',4),(404144075001603,'劍蘭-243號(切花)',4),(404144075001653,'劍蘭-243號(進口切花)',4),(404144075001703,'劍蘭-279號(切花)',4),(404144075001753,'劍蘭-279號(進口切花)',4),(404144075001803,'劍蘭-437號(切花)',4),(404144075001903,'劍蘭-43號(切花)',4),(404144075001953,'劍蘭-43號(進口切花)',4),(404144075002003,'劍蘭-512號(切花)',4),(404144075002053,'劍蘭-512號(進口切花)',4),(404144075002103,'劍蘭-513號(切花)',4),(404144075002153,'劍蘭-513號(進口切花)',4),(404144075002203,'劍蘭-610號(切花)',4),(404144075002303,'劍蘭-大白(切花)',4),(404144075002353,'劍蘭-大白(進口切花)',4),(404144075002403,'劍蘭-司胖(切花)',4),(404144075002453,'劍蘭-司胖(進口切花)',4),(404144075002503,'劍蘭-白(切花)',4),(404144075002553,'劍蘭-白(進口切花)',4),(404144075002603,'劍蘭-白紅心(切花)',4),(404144075002653,'劍蘭-白紅心(進口切花)',4),(404144075002703,'劍蘭-法都(切花)',4),(404144075002803,'劍蘭-青殼粉(切花)',4),(404144075002853,'劍蘭-青殼粉(進口切花)',4),(404144075002903,'劍蘭-紅(切花)',4),(404144075002953,'劍蘭-紅(進口切花)',4),(404144075003003,'劍蘭-美國粉(切花)',4),(404144075003053,'劍蘭-美國粉(進口切花)',4),(404144075003103,'劍蘭-桃粉(切花)',4),(404144075003153,'劍蘭-桃粉(進口切花)',4),(404144075003203,'劍蘭-粉(切花)',4),(404144075003253,'劍蘭-粉(進口切花)',4),(404144075003303,'劍蘭-粉巨人(切花)',4),(404144075003353,'劍蘭-粉巨人(進口切花)',4),(404144075003403,'劍蘭-粉紅心(切花)',4),(404144075003453,'劍蘭-粉紅心(進口切花)',4),(404144075003503,'劍蘭-粉紅佳人(切花)',4),(404144075003553,'劍蘭-粉紅佳人(進口切花)',4),(404144075003603,'劍蘭-馬粉(切花)',4),(404144075003653,'劍蘭-馬粉(進口切花)',4),(404144075003703,'劍蘭-馬得利(切花)',4),(404144075003753,'劍蘭-馬得利(進口切花)',4),(404144075003803,'劍蘭-康威(切花)',4),(404144075003903,'劍蘭-深紫(切花)',4),(404144075003953,'劍蘭-深紫(進口切花)',4),(404144075004003,'劍蘭-深絨紫(切花)',4),(404144075004053,'劍蘭-深絨紫(進口切花)',4),(404144075004103,'劍蘭-深黃(切花)',4),(404144075004153,'劍蘭-深黃(進口切花)',4),(404144075004203,'劍蘭-淺紫(切花)',4),(404144075004253,'劍蘭-淺紫(進口切花)',4),(404144075004303,'劍蘭-淺黃(切花)',4),(404144075004353,'劍蘭-淺黃(進口切花)',4),(404144075004403,'劍蘭-紫(切花)',4),(404144075004453,'劍蘭-紫(進口切花)',4),(404144075004503,'劍蘭-紫白心(切花)',4),(404144075004553,'劍蘭-紫白心(進口切花)',4),(404144075004603,'劍蘭-紫藍(切花)',4),(404144075004653,'劍蘭-紫藍(進口切花)',4),(404144075004703,'劍蘭-黃(切花)',4),(404144075004753,'劍蘭-黃(進口切花)',4),(404144075004803,'劍蘭-黃紅心(切花)',4),(404144075004853,'劍蘭-黃紅心(進口切花)',4),(404144075004903,'劍蘭-黑骨(切花)',4),(404144075004953,'劍蘭-黑骨(進口切花)',4),(404144075005003,'劍蘭-黑骨紅(切花)',4),(404144075005053,'劍蘭-黑骨紅(進口切花)',4),(404144075005103,'劍蘭-黑紫(切花)',4),(404144075005153,'劍蘭-黑紫(進口切花)',4),(404144075005203,'劍蘭-新223號(切花)',4),(404144075005205,'劍蘭-新223號(切葉)',4),(404144075005303,'劍蘭-新司胖(切花)',4),(404144075005353,'劍蘭-新司胖(進口切花)',4),(404144075005403,'劍蘭-新粉(切花)',4),(404144075005453,'劍蘭-新粉(進口切花)',4),(404144075005503,'劍蘭-新櫻紅(切花)',4),(404144075005553,'劍蘭-新櫻紅(進口切花)',4),(404144075005603,'劍蘭-橙(切花)',4),(404144075005653,'劍蘭-橙(進口切花)',4),(404144075005703,'劍蘭-橙粉(切花)',4),(404144075005753,'劍蘭-橙粉(進口切花)',4),(404144075005803,'劍蘭-薄粉(切花)',4),(404144075005853,'劍蘭-薄粉(進口切花)',4),(404144075005903,'劍蘭-雙色金紅(切花)',4),(404144075005953,'劍蘭-雙色金紅(進口切花)',4),(404144075006003,'劍蘭-艷紫紅(切花)',4),(404144075999900,'劍蘭-其他品種',4),(404144076000000,'鳶尾',4),(404144076000005,'鳶尾-龍文蘭(切葉)',4),(404144076000055,'鳶尾-龍文蘭(進口切葉)',4),(404144076000105,'鳶尾-斑葉著莪(切葉)',4),(404144076000203,'鳶尾-愛麗絲-黃色(切花)',4),(404144076000253,'鳶尾-愛麗絲-黃色(進口切花)',4),(404144076000303,'鳶尾-愛麗絲-白色(切花)',4),(404144076000353,'鳶尾-愛麗絲-白色(進口切花)',4),(404144076000403,'鳶尾-愛麗絲-淺藍色(切花)',4),(404144076000453,'鳶尾-愛麗絲-淺藍色(進口切花)',4),(404144076000503,'鳶尾-愛麗絲-深藍色(切花)',4),(404144076000553,'鳶尾-愛麗絲-深藍色(進口切花)',4),(404144076000603,'鳶尾-花菖蒲(切花)',4),(404144076000653,'鳶尾-花菖蒲(進口切花)',4),(404144076999900,'鳶尾-其他品種',4),(404144077000000,'射干',4),(404144077000005,'射干(切葉)',4),(404144077000055,'射干(進口切葉)',4),(404144078000000,'玉米百合',4),(404144078000003,'玉米百合(切花)',4),(404144078000053,'玉米百合(進口切花)',4),(404146082000000,'蓮',4),(404146082000003,'蓮(切花)',4),(404146082000004,'蓮(非組合式盆花)',4),(404146082000005,'蓮蓬(切葉)',4),(404146082000053,'蓮(進口切花)',4),(404146082000055,'蓮蓬(進口切葉)',4),(404156062000000,'蚌蘭',4),(404156062000005,'蚌蘭(切葉)',4),(404156062000055,'蚌蘭(進口切葉)',4),(404159069000000,'龍膽',4),(404159069000003,'龍膽(切花)',4),(404159069000053,'龍膽(進口切花)',4),(404166101000000,'月桃',4),(404166101000004,'月桃(非組合式盆花)',4),(404166101000103,'月桃-紅薑花(切花)',4),(404166101000153,'月桃-紅薑花(進口切花)',4),(404166101999900,'月桃-其他品種',4),(404166102000000,'薑荷花',4),(404166102000003,'薑荷花(切花)',4),(404166102000053,'薑荷花(進口切花)',4),(404166102000103,'薑荷花-觀音蓮(切花)',4),(404166102000153,'薑荷花-觀音蓮(進口切花)',4),(404166102000203,'薑荷花-觀音蓮-粉(切花)',4),(404166102000303,'薑荷花-白蓮蕉(切花)',4),(404166102000353,'薑荷花-白蓮蕉(進口切花)',4),(404166102999900,'薑荷花-其他品種',4),(404166103000000,'野薑花',4),(404166103000003,'野薑花(切花)',4),(404166103000103,'野薑花-橙(切花)',4),(404166103000153,'野薑花-橙(進口切花)',4),(404166103000203,'野薑花-白(切花)',4),(404166103000253,'野薑花-白(進口切花)',4),(404166103999900,'野薑花-其他品種',4),(404166104000000,'火炬花',4),(404166104000003,'火炬花(切花)',4),(404166104000053,'火炬花(進口切花)',4),(404166105000000,'球薑花',4),(404166105000003,'球薑花(切花)',4),(404166105000053,'球薑花(進口切花)',4),(404166105000103,'球薑花-紅球薑(切花)',4),(404166105000203,'球薑花-石玫瑰(切花)',4),(404166105000253,'球薑花-石玫瑰(進口切花)',4),(404166105999900,'球薑花-其他品種',4),(404171085000000,'卡斯比亞',4),(404171085000003,'卡斯比亞(切花)',4),(404171085000005,'卡斯比亞(切葉)',4),(404171085000103,'卡斯比亞-粉色(切花)',4),(404171085000153,'卡斯比亞-粉色(進口切花)',4),(404171085000203,'卡斯比亞-紫(切花)',4),(404171085000253,'卡斯比亞-紫(進口切花)',4),(404171085000303,'卡斯比亞-藍寶石(切花)',4),(404171085000353,'卡斯比亞-藍寶石(進口切花)',4),(404171085999900,'卡斯比亞-其他品種',4),(404171086000000,'補雪草',4),(404171086000003,'補雪草(切花)',4),(404171086000053,'補雪草(進口切花)',4),(404171087000000,'水晶花',4),(404171087000003,'水晶花(切花)',4),(404171087000053,'水晶花(進口切花)',4),(404171087000103,'水晶花-金鑽(切花)',4),(404171087000153,'水晶花-金鑽(進口切花)',4),(404171087000203,'水晶花-白鑽(切花)',4),(404171087000253,'水晶花-白鑽(進口切花)',4),(404171087000303,'水晶花-粉鑽(切花)',4),(404171087000353,'水晶花-粉鑽(進口切花)',4),(404171087000403,'水晶花-黃鑽(切花)',4),(404171087000453,'水晶花-黃鑽(進口切花)',4),(404171087000503,'水晶花-銀鑽(切花)',4),(404171087000553,'水晶花-銀鑽(進口切花)',4),(404171087999900,'水晶花-其他品種',4),(404171088000000,'星辰花',4),(404171088000003,'星辰花(切花)',4),(404171088000053,'星辰花(進口切花)',4),(404171088000103,'星辰花-大湖桃紅(切花)',4),(404171088000203,'星辰花-大湖熱情(切花)',4),(404171088000303,'星辰花-大湖魅力(切花)',4),(404171088000403,'星辰花-白(切花)',4),(404171088000453,'星辰花-白(進口切花)',4),(404171088000503,'星辰花-貝麗(切花)',4),(404171088000603,'星辰花-玫瑰紅(切花)',4),(404171088000653,'星辰花-玫瑰紅(進口切花)',4),(404171088000703,'星辰花-紅(切花)',4),(404171088000753,'星辰花-紅(進口切花)',4),(404171088000803,'星辰花-粉(切花)',4),(404171088000853,'星辰花-粉(進口切花)',4),(404171088000903,'星辰花-粉仙紫(切花)',4),(404171088001003,'星辰花-紫(切花)',4),(404171088001053,'星辰花-紫(進口切花)',4),(404171088001103,'星辰花-紫色之戀(切花)',4),(404171088001203,'星辰花-黃(切花)',4),(404171088001253,'星辰花-黃(進口切花)',4),(404171088001303,'星辰花-藍河翼(切花)',4),(404171088999900,'星辰花-其他品種',4),(405000000000000,'其他花卉類',4),(405012004000000,'長春藤',4),(405012004000005,'長春藤(切葉)',4),(405012004000055,'長春藤(進口切葉)',4),(405012004000105,'長春藤-青蘋果(切葉)',4),(405012004000155,'長春藤-青蘋果(進口切葉)',4),(405012004999900,'長春藤-其他品種',4),(405013005000000,'虎尾蘭',4),(405013005000005,'虎尾蘭(切葉)',4),(405013005000055,'虎尾蘭(進口切葉)',4),(405014001000000,'黃金葛',4),(405014001000005,'黃金葛(切葉)',4),(405014001000055,'黃金葛(進口切葉)',4),(405014002000000,'電信蘭',4),(405014002000004,'電信蘭(非組合式盆花)',4),(405014002000005,'電信蘭葉(切葉)',4),(405014002000055,'電信蘭葉(進口切葉)',4),(405014003000000,'蔓綠絨',4),(405014003000004,'蔓綠絨(非組合式盆花)',4),(405014003000105,'蔓綠絨-鋸齒葉(切葉)',4),(405014003000155,'蔓綠絨-鋸齒葉(進口切葉)',4),(405014003000205,'蔓綠絨-木瓜葉(切葉)',4),(405014003000255,'蔓綠絨-木瓜葉(進口切葉)',4),(405014003999900,'蔓綠絨-其他品種',4),(405020008000000,'腎蕨',4),(405020008000005,'腎蕨(切葉)',4),(405020008000105,'腎蕨-綿羊齒(切葉)',4),(405020008000155,'腎蕨-綿羊齒(進口切葉)',4),(405020008999900,'腎蕨-其他品種',4),(405020009000000,'高山羊齒',4),(405020009000005,'高山羊齒(切葉)',4),(405020009000055,'高山羊齒(進口切葉)',4),(405105007000000,'石蓮',4),(405105007000003,'石蓮(切花)',4),(405105007000004,'石蓮(非組合式盆花)',4),(405131011000000,'珠廉',4),(405131011000005,'珠廉(切葉)',4),(405131011000055,'珠廉(進口切葉)',4),(405142010000000,'鳳尾草',4),(405142010000005,'鳳尾草(切葉)',4),(405142010000055,'鳳尾草(進口切葉)',4),(405181006000000,'山蘇',4),(405181006000005,'山蘇(切葉)',4),(405181006000055,'山蘇(進口切葉)',4),(500000000000000,'雜糧類',5),(501000000000000,'豆類',5),(501000999000000,'其他豆類',5),(501044001000000,'大豆',5),(501044001000100,'大豆-黃豆',5),(501044001000200,'大豆-黑豆',5),(501044001999900,'大豆-其他品種',5),(501044002000000,'紅豆',5),(501044003000000,'綠豆',5),(501044004000000,'米豆',5),(501044005000000,'落花生',5),(501044006000000,'樹豆',5),(502000000000000,'穀類',5),(502000999000000,'其他穀類',5),(502030001000000,'大麥',5),(502030002000000,'小米',5),(502030003000000,'小麥',5),(502030004000000,'燕麥',5),(502030005000000,'玉米',5),(502030005000100,'玉米-白玉米',5),(502030005000200,'玉米-甜硬殼',5),(502030005000300,'玉米-超甜白',5),(502030005000400,'玉米-糯米黑',5),(502030005000500,'玉米-甜軟殼',5),(502030005000600,'玉米-糯米白',5),(502030005100000,'玉米-硬質玉米',5),(502030005999900,'玉米-其他品種',5),(502030007000000,'薏苡',5),(502030008000000,'高粱',5),(502030008100000,'高粱-芻料高粱',5),(502030008999900,'高粱-其他品種',5),(502098009000000,'臺灣藜',5),(502148006000000,'蕎麥',5),(503000000000000,'藷類',5),(503000999000000,'其他藷類',5),(503006002000000,'木薯',5),(503092001000000,'甘藷',5),(503092001000100,'甘藷-台農57號',5),(503092001000200,'甘藷-芋仔甘藷',5),(503092001000300,'甘藷-台農66號',5),(503092001100000,'甘藷-飼料甘藷',5),(503092001999900,'甘藷-其他品種',5),(599000999000000,'其他雜糧',5),(600000000000000,'特用作物類',6),(601000000000000,'藥用類',6),(601000999000000,'其他藥用作物',6),(601003057000000,'蕺菜',6),(601012037000000,'蓪草',6),(601012038000000,'刺五加',6),(601024054000000,'地黃',6),(601032023000000,'槐耳',6),(601032024000000,'樟芝',6),(601032025000000,'茯苓',6),(601035031000000,'蘆薈',6),(601035032000000,'麥門冬',6),(601044021000000,'黃耆',6),(601044022000000,'通天草',6),(601047026000000,'桑黃',6),(601073059000000,'桋梧',6),(601075028000000,'葉用枸杞',6),(601075029000000,'枸杞',6),(601077001000000,'草石蠶',6),(601077002000000,'益母草',6),(601077003000000,'黃芩',6),(601077004000000,'丹參',6),(601077005000000,'半支蓮',6),(601077006000000,'筋骨草',6),(601077007000000,'荊芥',6),(601080046000000,'羊奶頭',6),(601081042000000,'黨蔘',6),(601081043000000,'桔梗',6),(601085027000000,'諾麗果',6),(601085060000000,'百花蛇舌草',6),(601087058000000,'假人參',6),(601098040000000,'法國綠莧',6),(601098041000000,'青葙',6),(601118008000000,'山防風',6),(601118009000000,'款冬',6),(601118010000000,'澤蘭',6),(601118011000000,'除蟲菊',6),(601118012000000,'六神花',6),(601118013000000,'傷寒草',6),(601118014000000,'風茹草',6),(601118015000000,'蒲公英',6),(601118016000000,'小金英',6),(601118017000000,'艾草',6),(601127050000000,'香椿',6),(601131055000000,'山葡萄',6),(601132053000000,'七葉膽',6),(601138056000000,'辣木',6),(601140051000000,'百果',6),(601145044000000,'肉桂',6),(601145045000000,'土肉桂',6),(601148048000000,'何首烏',6),(601152052000000,'澤瀉',6),(601155035000000,'圓葉錦葵',6),(601155036000000,'山芙蓉',6),(601161033000000,'白鶴靈芝',6),(601161034000000,'穿心蓮',6),(601166047000000,'南薑',6),(601168030000000,'白藷莨',6),(601170018000000,'明日葉',6),(601170019000000,'柴胡',6),(601170020000000,'當歸',6),(601171017000000,'杜虹花',6),(601174049000000,'小葉藜',6),(601179039000000,'金線蓮',6),(602000000000000,'油料類',6),(602000999000000,'其他油料作物',6),(602009002000000,'大果種油茶',6),(602009003000000,'小果種油茶',6),(602071004000000,'胡麻',6),(602118001000000,'向日葵_採種供作加工原料',6),(603000000000000,'嗜好類',6),(603000999000000,'其他嗜好作物',6),(603072001000000,'荖花',6),(603072002000000,'荖葉',6),(603072003000000,'荖藤',6),(603075004000000,'菸草',6),(604000000000000,'糖料類',6),(604000999000000,'其他糖料作物',6),(604030002000000,'甘蔗',6),(604118001000000,'甜菊',6),(605000000000000,'纖維類',6),(605000999000000,'其他纖維作物',6),(605030001000000,'貴黍',6),(605046007000000,'亞麻',6),(605097003000000,'三角藺',6),(605097004000000,'大甲藺',6),(605097006000000,'圓藺草',6),(605153005000000,'苧麻',6),(605155002000000,'棉花',6),(605157008000000,'瓊麻',6),(606000000000000,'染料類',6),(606000999000000,'其他染料作物',6),(606085003000000,'梔子',6),(606088002000000,'大青',6),(606118001000000,'紅花',6),(606161005000000,'大菁',6),(606166006000000,'薑黃',6),(606168004000000,'藷茛',6),(607000000000000,'澱粉類',6),(607000999000000,'其他澱粉作物',6),(607014003000000,'蒟蒻',6),(607036002000000,'葛鬱金',6),(607044001000000,'葛藤',6),(607068004000000,'紅蓮蕉',6),(608000000000000,'香料類',6),(608000999000000,'其他香料作物',6),(608017007000000,'桂花',6),(608017008000000,'茉莉花_薰芬茶用',6),(608017009000000,'秀英',6),(608030005000000,'香茅',6),(608030006000000,'檸檬香茅',6),(608077001000000,'紫蘇',6),(608077002000000,'薄荷',6),(608118003000000,'芳香萬壽菊',6),(608136011000000,'香水蓮',6),(608170004000000,'蒔蘿',6),(608179010000000,'香草',6),(609000000000000,'飲料類',6),(609000999000000,'其他飲料作物',6),(609009005000000,'茶',6),(609077001000000,'仙草',6),(609080006000000,'愛玉子',6),(609085003000000,'咖啡',6),(609118002000000,'杭菊',6),(609155004000000,'洛神',6),(697000997000000,'其他短期特作',6),(698000998000000,'其他長期特作',6),(699000999000000,'其他特用作物',6),(700000000000000,'農產品加工類',7),(701000000000000,'五穀雜糧加工類',7),(701000001000000,'稻米製品',7),(701000002000000,'硬質玉米製品',7),(701000003000000,'玉米製品',7),(701000004000000,'小麥製品',7),(701000005000000,'小米製品',7),(701000006000000,'高粱製品',7),(701000007000000,'大麥製品',7),(701000008000000,'蕎麥製品',7),(701000009000000,'燕麥製品',7),(701000010000000,'薏苡製品',7),(701000011000000,'大豆製品',7),(701000012000000,'落花生製品',7),(701000013000000,'紅豆製品',7),(701000014000000,'綠豆製品',7),(701000015000000,'甘藷製品',7),(701000016000000,'木薯製品',7),(701000999000000,'其他五穀雜糧加工製品',7),(702000000000000,'蔬菜加工類',7),(702000001000000,'甘藍製品',7),(702000002000000,'結球白菜製品',7),(702000003000000,'油菜製品',7),(702000004000000,'芥菜製品',7),(702000005000000,'芹菜製品',7),(702000006000000,'菠菜製品',7),(702000007000000,'羅勒製品',7),(702000008000000,'蒜製品',7),(702000009000000,'蔥製品',7),(702000010000000,'洋蔥製品',7),(702000011000000,'食用百合製品',7),(702000012000000,'竹筍製品',7),(702000013000000,'蓮藕製品',7),(702000014000000,'芋頭製品',7),(702000015000000,'薑製品',7),(702000016000000,'蘆筍製品',7),(702000017000000,'山葵製品',7),(702000018000000,'山藥製品',7),(702000019000000,'馬鈴薯製品',7),(702000020000000,'蘿蔔製品',7),(702000021000000,'牛蒡製品',7),(702000022000000,'胡蘿蔔製品',7),(702000023000000,'金針花製品',7),(702000024000000,'毛豆製品',7),(702000025000000,'花豆製品',7),(702000026000000,'豌豆製品',7),(702000027000000,'蠶豆製品',7),(702000028000000,'冬瓜製品',7),(702000029000000,'南瓜製品',7),(702000030000000,'絲瓜製品',7),(702000031000000,'胡瓜製品',7),(702000032000000,'苦瓜製品',7),(702000033000000,'越瓜製品',7),(702000034000000,'西瓜製品',7),(702000035000000,'甜瓜製品',7),(702000036000000,'辣椒製品',7),(702000037000000,'番茄製品',7),(702000038000000,'菱角製品',7),(702000039000000,'黃秋葵製品',7),(702000040000000,'草莓製品',7),(702000041000000,'香菇製品',7),(702000042000000,'杏鮑菇製品',7),(702000043000000,'猴頭菇製品',7),(702000044000000,'黑木耳製品',7),(702000045000000,'白木耳製品',7),(702000999000000,'其他蔬菜加工製品',7),(703000000000000,'水果加工類',7),(703000001000000,'柚子製品',7),(703000002000000,'葡萄柚製品',7),(703000003000000,'柳橙製品',7),(703000004000000,'椪柑製品',7),(703000005000000,'柑橘製品',7),(703000006000000,'檸檬製品',7),(703000007000000,'金柑製品',7),(703000008000000,'木瓜製品',7),(703000009000000,'香蕉製品',7),(703000010000000,'鳳梨製品',7),(703000011000000,'番石榴製品',7),(703000012000000,'蓮霧製品',7),(703000013000000,'葡萄製品',7),(703000014000000,'楊桃製品',7),(703000015000000,'百香果製品',7),(703000016000000,'紅龍果製品',7),(703000017000000,'奇異果製品',7),(703000018000000,'釋迦製品',7),(703000019000000,'柿製品',7),(703000020000000,'波羅蜜製品',7),(703000021000000,'桑椹製品',7),(703000022000000,'榴槤蜜製品',7),(703000023000000,'楊梅製品',7),(703000024000000,'木鱉果製品',7),(703000025000000,'蘋果製品',7),(703000026000000,'梨製品',7),(703000027000000,'枇杷製品',7),(703000028000000,'荔枝製品',7),(703000029000000,'龍眼製品',7),(703000030000000,'芒果製品',7),(703000031000000,'桃製品',7),(703000032000000,'李製品',7),(703000033000000,'梅製品',7),(703000034000000,'棗製品',7),(703000035000000,'橄欖製品',7),(703000036000000,'可可椰子製品',7),(703000037000000,'栗子製品',7),(703000038000000,'可可製品',7),(703000999000000,'其他水果加工製品',7),(704000000000000,'花卉製品',7),(704000001000000,'玫瑰花製品',7),(704000002000000,'茉莉花製品',7),(704000003000000,'油菊製品',7),(704000999000000,'其他花卉加工製品',7),(705000000000000,'特用作物製品',7),(705000001000000,'紫蘇製品',7),(705000002000000,'仙草製品',7),(705000003000000,'向日葵製品',7),(705000004000000,'杭菊製品',7),(705000005000000,'甜菊製品',7),(705000006000000,'風茹製品',7),(705000007000000,'諾麗果製品',7),(705000008000000,'梔子製品',7),(705000009000000,'咖啡製品',7),(705000010000000,'甘蔗製品',7),(705000011000000,'香茅製品',7),(705000012000000,'洛神葵製品',7),(705000013000000,'油茶製品',7),(705000014000000,'茶製品',7),(705000015000000,'愛玉製品',7),(705000016000000,'薑黃製品',7),(705000017000000,'胡麻製品',7),(705000999000000,'其他特用作物加工製品',7),(799000001000000,'綜合蔬果製品',7),(799000002000000,'蜂產品',7),(799000003000000,'酒類製品',7),(1000000000000000,'其他作物類',10),(1001000000000000,'其他牧草',10),(1001030000000000,'青割玉米',10),(1001040000000000,'苜蓿草',10),(1002000000000000,'其他綠肥作物',10),(1002040000000000,'魯冰',10),(1003000000000000,'其他景觀作物',10),(1003120000000000,'景觀小油菊',10);
/*!40000 ALTER TABLE `crop` ENABLE KEYS */;
UNLOCK TABLES;

--
-- Table structure for table `crop_category`
--

DROP TABLE IF EXISTS `crop_category`;
/*!40101 SET @saved_cs_client     = @@character_set_client */;
/*!40101 SET character_set_client = utf8 */;
CREATE TABLE `crop_category` (
  `plv1` int(11) NOT NULL,
  `name` varchar(10) COLLATE utf8mb4_unicode_ci NOT NULL,
  PRIMARY KEY (`plv1`)
) ENGINE=InnoDB DEFAULT CHARSET=utf8mb4 COLLATE=utf8mb4_unicode_ci;
/*!40101 SET character_set_client = @saved_cs_client */;

--
-- Dumping data for table `crop_category`
--

LOCK TABLES `crop_category` WRITE;
/*!40000 ALTER TABLE `crop_category` DISABLE KEYS */;
INSERT INTO `crop_category` VALUES (1,'稻米類'),(2,'蔬菜類'),(3,'果樹類'),(4,'花卉類'),(5,'雜糧類'),(6,'特用作物類'),(7,'農產品加工類'),(10,'其他作物類');
/*!40000 ALTER TABLE `crop_category` ENABLE KEYS */;
UNLOCK TABLES;

--
-- Table structure for table `purchase`
--

DROP TABLE IF EXISTS `purchase`;
/*!40101 SET @saved_cs_client     = @@character_set_client */;
/*!40101 SET character_set_client = utf8 */;
CREATE TABLE `purchase` (
  `id` int(11) NOT NULL AUTO_INCREMENT,
  `crop_uid` bigint(20) NOT NULL,
  `price` int(11) NOT NULL,
  `unit` varchar(10) COLLATE utf8mb4_unicode_ci NOT NULL,
  `user_id` int(11) NOT NULL,
  `created_time` datetime DEFAULT curtime(),
  PRIMARY KEY (`id`),
  KEY `purchase_crop_uid_fk` (`crop_uid`),
  KEY `purchase_unit_id_fk` (`unit`),
  KEY `purchase_user_id_fk` (`user_id`),
  CONSTRAINT `purchase_crop_uid_fk` FOREIGN KEY (`crop_uid`) REFERENCES `crop` (`uid`),
  CONSTRAINT `purchase_unit_id_fk` FOREIGN KEY (`unit`) REFERENCES `unit` (`id`),
  CONSTRAINT `purchase_user_id_fk` FOREIGN KEY (`user_id`) REFERENCES `user` (`id`)
) ENGINE=InnoDB AUTO_INCREMENT=5 DEFAULT CHARSET=utf8mb4 COLLATE=utf8mb4_unicode_ci;
/*!40101 SET character_set_client = @saved_cs_client */;

--
-- Dumping data for table `purchase`
--

LOCK TABLES `purchase` WRITE;
/*!40000 ALTER TABLE `purchase` DISABLE KEYS */;
INSERT INTO `purchase` VALUES (1,101030000000000,123,'KG',2,'2022-09-03 22:23:58'),(2,101030000000000,101,'KG',2,'2022-09-03 22:24:57'),(3,101030000000000,101,'KG',2,'2022-09-03 22:30:37'),(4,101030000000000,100,'KG',2,'2022-09-03 23:14:22');
/*!40000 ALTER TABLE `purchase` ENABLE KEYS */;
UNLOCK TABLES;

--
-- Table structure for table `role`
--

DROP TABLE IF EXISTS `role`;
/*!40101 SET @saved_cs_client     = @@character_set_client */;
/*!40101 SET character_set_client = utf8 */;
CREATE TABLE `role` (
  `id` int(11) NOT NULL AUTO_INCREMENT,
  `name` varchar(20) COLLATE utf8mb4_unicode_ci NOT NULL,
  PRIMARY KEY (`id`)
) ENGINE=InnoDB AUTO_INCREMENT=2 DEFAULT CHARSET=utf8mb4 COLLATE=utf8mb4_unicode_ci;
/*!40101 SET character_set_client = @saved_cs_client */;

--
-- Dumping data for table `role`
--

LOCK TABLES `role` WRITE;
/*!40000 ALTER TABLE `role` DISABLE KEYS */;
INSERT INTO `role` VALUES (1,'ROLE_USER');
/*!40000 ALTER TABLE `role` ENABLE KEYS */;
UNLOCK TABLES;

--
-- Table structure for table `unit`
--

DROP TABLE IF EXISTS `unit`;
/*!40101 SET @saved_cs_client     = @@character_set_client */;
/*!40101 SET character_set_client = utf8 */;
CREATE TABLE `unit` (
  `id` varchar(10) COLLATE utf8mb4_unicode_ci NOT NULL,
  `name` varchar(10) COLLATE utf8mb4_unicode_ci NOT NULL,
  PRIMARY KEY (`id`)
) ENGINE=InnoDB DEFAULT CHARSET=utf8mb4 COLLATE=utf8mb4_unicode_ci;
/*!40101 SET character_set_client = @saved_cs_client */;

--
-- Dumping data for table `unit`
--

LOCK TABLES `unit` WRITE;
/*!40000 ALTER TABLE `unit` DISABLE KEYS */;
INSERT INTO `unit` VALUES ('KG','公斤');
/*!40000 ALTER TABLE `unit` ENABLE KEYS */;
UNLOCK TABLES;

--
-- Table structure for table `user`
--

DROP TABLE IF EXISTS `user`;
/*!40101 SET @saved_cs_client     = @@character_set_client */;
/*!40101 SET character_set_client = utf8 */;
CREATE TABLE `user` (
  `id` int(11) NOT NULL AUTO_INCREMENT,
  `phone` varchar(254) COLLATE utf8mb4_unicode_ci NOT NULL,
  `password` varchar(256) COLLATE utf8mb4_unicode_ci NOT NULL,
  `display_name` varchar(20) COLLATE utf8mb4_unicode_ci NOT NULL,
  PRIMARY KEY (`id`)
) ENGINE=InnoDB AUTO_INCREMENT=3 DEFAULT CHARSET=utf8mb4 COLLATE=utf8mb4_unicode_ci;
/*!40101 SET character_set_client = @saved_cs_client */;

--
-- Dumping data for table `user`
--

LOCK TABLES `user` WRITE;
/*!40000 ALTER TABLE `user` DISABLE KEYS */;
INSERT INTO `user` VALUES (2,'0972880629','$2a$10$EJgThtirZJCQvHNDKTC/nOwykM.9sBVpFIov8eiFgOxmHhoWj32Vi','劉鎛漪');
/*!40000 ALTER TABLE `user` ENABLE KEYS */;
UNLOCK TABLES;

--
-- Table structure for table `user_role`
--

DROP TABLE IF EXISTS `user_role`;
/*!40101 SET @saved_cs_client     = @@character_set_client */;
/*!40101 SET character_set_client = utf8 */;
CREATE TABLE `user_role` (
  `user_id` int(11) DEFAULT NULL,
  `role_id` int(11) DEFAULT NULL,
  KEY `user_role_role_id_fk` (`role_id`),
  KEY `user_role_user_id_fk` (`user_id`),
  CONSTRAINT `user_role_role_id_fk` FOREIGN KEY (`role_id`) REFERENCES `role` (`id`),
  CONSTRAINT `user_role_user_id_fk` FOREIGN KEY (`user_id`) REFERENCES `user` (`id`)
) ENGINE=InnoDB DEFAULT CHARSET=utf8mb4 COLLATE=utf8mb4_unicode_ci;
/*!40101 SET character_set_client = @saved_cs_client */;

--
-- Dumping data for table `user_role`
--

LOCK TABLES `user_role` WRITE;
/*!40000 ALTER TABLE `user_role` DISABLE KEYS */;
INSERT INTO `user_role` VALUES (2,1);
/*!40000 ALTER TABLE `user_role` ENABLE KEYS */;
UNLOCK TABLES;
/*!40103 SET TIME_ZONE=@OLD_TIME_ZONE */;

/*!40101 SET SQL_MODE=@OLD_SQL_MODE */;
/*!40014 SET FOREIGN_KEY_CHECKS=@OLD_FOREIGN_KEY_CHECKS */;
/*!40014 SET UNIQUE_CHECKS=@OLD_UNIQUE_CHECKS */;
/*!40101 SET CHARACTER_SET_CLIENT=@OLD_CHARACTER_SET_CLIENT */;
/*!40101 SET CHARACTER_SET_RESULTS=@OLD_CHARACTER_SET_RESULTS */;
/*!40101 SET COLLATION_CONNECTION=@OLD_COLLATION_CONNECTION */;
/*!40111 SET SQL_NOTES=@OLD_SQL_NOTES */;

-- Dump completed on 2022-09-03 15:41:44
